2020-01-12 19:49:06,1216447028546265088,@SamStrake Can't wait to see how this works and get a 0/0 on myself,0.0,neutral
2020-01-12 19:21:01,1216439960879931398,@SamStrake Fuck @SamStrake I hope that‚Äôs a positive one. As in I‚Äôd love to F‚Äî SamStrake üòâ,0.10909090909090909,positive
2020-01-12 19:07:56,1216436669236121600,@SamStrake I bet no one says shit about me. Positive or Negative. LUL,-0.0909090909090909,negative
2020-01-12 19:06:34,1216436324900769792,@SamStrake Well dayum o.o https://t.co/OfCKaoyUnK,0.05,positive
2020-01-12 18:45:52,1216431115621339136,@SamStrake Proud of u for taking this on and teaching yourself a programming language! üëèüëèüëè,1.0,positive
2020-01-12 18:41:01,1216429894143365120,@SamStrake Asbestos.,0.0,neutral
2020-01-12 17:58:21,1216419157589184512,"@SamStrake You don't need a Python script for that. Just ask and I will say ""Yes.""",0.0,neutral
2020-01-12 17:49:26,1216416910402826241,@SamStrake @kipgrey I'd love to see this built out to database confirmed results and then plot them over time. The‚Ä¶ https://t.co/8182nTQC0i,0.45,positive
2020-01-12 17:25:47,1216410962619592704,"@SamStrake Nah, I‚Äôm good. üòÅ",0.7,positive
2020-01-12 17:21:43,1216409938576019456,@SamStrake I had to explain to my 12 year old that I work on the algorithm.,0.1,positive
2020-01-12 17:15:43,1216408428857495554,@SamStrake You've got haters,0.0,neutral
2020-01-12 17:15:02,1216408253791232001,"@SamStrake Yooooo that‚Äôs so sick!!

Real talk: there‚Äôs a platform that does this but it costs a fucking fortune. If‚Ä¶ https://t.co/y0H16PK5hT",-0.4666666666666666,negative
2020-01-12 17:11:12,1216407290514956288,@SamStrake Looks broke like the numbers are flipped. ü§£,0.0,neutral
2020-01-12 17:10:39,1216407150882217984,@SamStrake Hi yes. I‚Äôd like to become an investor please. Thanks.,0.2,positive
2020-01-12 17:09:18,1216406813563932672,@SamStrake That's sick!,-0.8928571428571429,negative
2020-01-12 17:05:42,1216405904461045764,@SamStrake https://t.co/XcO58FK0QL,0.0,neutral
2020-01-12 17:04:27,1216405590299291653,@SamStrake How does this work? Is it sensitive to particular keywords? I‚Äôm fascinated!,0.15416666666666667,positive
2020-01-12 17:03:42,1216405403774226432,"@SamStrake I know people follow you for you streaming stuff, but I'm here for the code shit, haha

I feel seen ü§ò",0.0,neutral
2020-01-12 15:54:49,1216388066287308805,RT @SamStrake: I made a Google Sheet that collects creator's email addresses from their Twitter bios because finding them all by hand is a‚Ä¶,0.0,neutral
2020-01-12 15:40:19,1216384418178371589,"@LivesFluffy @Oreocide @SamStrake I got cancelled last year

Good to know Oreo was the mastermind

That right git ü§£",0.32857142857142857,positive
2020-01-12 13:08:17,1216346157351362561,"@SamStrake When I have the option, I'll take 4k every time as the difference is pretty big, especially when paired‚Ä¶ https://t.co/bBWFZQXhUr",0.08333333333333333,positive
2020-01-12 10:23:00,1216304562933338112,@SamStrake I‚Äôm pretty sure it‚Äôs internet magic I never understood how some people are famous vs other famous people‚Ä¶ https://t.co/KEKMyKnDnx,0.3541666666666667,positive
2020-01-12 06:33:40,1216246850732249088,@SamStrake cum,0.0,neutral
2020-01-12 06:27:52,1216245391215083520,@SamStrake Thank you sir,0.0,neutral
2020-01-12 06:27:46,1216245363926949889,RT @SamStrake: I made a Google Sheet that collects creator's email addresses from their Twitter bios because finding them all by hand is a‚Ä¶,0.0,neutral
2020-01-12 06:18:58,1216243150911500289,"@SamStrake Well that is nifty
Thanks!",0.25,positive
2020-01-12 03:59:59,1216208174497308674,@SamStrake Dandruff?,0.0,neutral
2020-01-12 03:41:23,1216203493545009152,@SamStrake üò≠,0.0,neutral
2020-01-12 03:21:47,1216198561165205504,@SamStrake Chonky dandruff üò¨,0.0,neutral
2020-01-12 03:16:36,1216197254928838656,"@kittie_positive @SamStrake Psh, we got a pleh. Just a weeeeeeeeee bit. Not worth calling a flurry lol",0.325,positive
2020-01-12 03:15:13,1216196909280505858,"@SamStrake Haha! We drove to Thackersville, OK fr Fort Worth. It was snowing thick bits in Gainesville this morning‚Ä¶ https://t.co/AJb6fUKnfI",0.1875,positive
2020-01-12 02:31:04,1216185797864390656,"@SamStrake People trying to bypass the algorithm to get famous
The algorithm: https://t.co/21RZVRxH8B",0.5,positive
2020-01-12 01:32:59,1216171182208307201,@SamStrake https://t.co/WA0ScfCkNR,0.0,neutral
2020-01-12 01:22:13,1216168471320506370,@Oreocide @SamStrake That‚Äôs the word on the streets,0.0,neutral
2020-01-12 01:21:49,1216168369973530627,"@LivesFluffy @SamStrake Wait, I am?",0.0,neutral
2020-01-12 01:18:53,1216167633042780160,@SamStrake Sir @Oreocide is in charge of cancellations and since I don‚Äôt see anything from him you are still a streamer,0.0,neutral
2020-01-12 00:52:06,1216160891252592640,RT @SamStrake: I made a Google Sheet that collects creator's email addresses from their Twitter bios because finding them all by hand is a‚Ä¶,0.0,neutral
2020-01-12 00:41:16,1216158165118533633,@SamStrake Oh wait ‚Äî it looks like it doesnt save other people‚Äôs entries and those three are stock examples. Ggs then! This is v cool,0.09687499999999999,positive
2020-01-12 00:39:53,1216157819080101889,"@SamStrake This is a spammer‚Äôs greatest wish üò¨

Do you provide opt out options?

I‚Äôm thinking of ‚Äúselect all‚Äù scena‚Ä¶ https://t.co/eIbqTS6Ke9",1.0,positive
2020-01-12 00:36:36,1216156991124623361,@SamStrake That makes two of us üòÑ But I am a gamer!!,0.0,neutral
2020-01-12 00:32:56,1216156069082337280,@ModestMarill @SamStrake @XanozIchimonji Got 'em https://t.co/5mNb3U87Db,0.0,neutral
2020-01-12 00:10:30,1216150424044154880,@_hazonku_ @SamStrake @IncredibleCulk So I am on to something. His bucket on top of the door came before his succes‚Ä¶ https://t.co/RjMNqfCm2m,0.5,positive
2020-01-12 00:03:23,1216148631914450945,@SamStrake I mean u right but at the same time the algorithm might as well be that,-0.008928571428571433,negative
2020-01-11 23:28:34,1216139870373998592,@SamStrake The sky is falling,0.0,neutral
2020-01-11 23:23:24,1216138568612999168,@iGameDad @SamStrake I'm sure @IncredibleCulk is still using that to hreat success and he understands the algorithms.,0.4,positive
2020-01-11 23:18:10,1216137251463352321,@SamStrake This is why I stay in the shadows and not use my knowledge about the algorithm. Don't want people chasin‚Ä¶ https://t.co/BlaqoVrjhd,0.0,neutral
2020-01-11 23:14:45,1216136392943767554,@SamStrake It took me a day to come up with this. Thank you for the shoutout. https://t.co/5xPgk7BEYL,0.0,neutral
2020-01-11 23:09:49,1216135151782154245,@SamStrake Coconut?,0.0,neutral
2020-01-11 22:53:43,1216131101241962496,@SamStrake Snow is the worst,-1.0,negative
2020-01-11 22:49:43,1216130092478468102,"@SamStrake One thing my bro and I notice is only certain games, videos, and movies play in 4k on consoles, tvs, pho‚Ä¶ https://t.co/ArKMVow6lH",0.10714285714285714,positive
2020-01-11 22:41:39,1216128064188485632,@SamStrake Just tried putting in my own profile. Maybe it's because I have both the OC url and email address in there?,0.6,positive
2020-01-11 22:37:31,1216127024869195776,@SamStrake https://t.co/XVkbHWuK5I,0.0,neutral
2020-01-11 22:11:56,1216120583555031040,@SamStrake I had to type and delete my response because it was too sinful,0.0,neutral
2020-01-11 21:37:32,1216111927795109889,@SamStrake Er... https://t.co/OkAP9qDvD2,0.0,neutral
2020-01-11 21:32:31,1216110663891812352,RT @SamStrake: The Witcher- Toss a Coin To Your Witcher ft. Lil Jon https://t.co/uV6gkhDBHA,0.0,neutral
2020-01-11 21:28:59,1216109775039160320,@SamStrake A good dandruff shampoo should clear that right up lol,0.4714285714285714,positive
2020-01-11 21:21:49,1216107973161844736,@SamStrake Dandruff,0.0,neutral
2020-01-11 20:49:06,1216099740619702273,@SamStrake Does it use location,0.0,neutral
2020-01-11 20:30:23,1216095030680719360,@SamStrake Is it not.,0.0,neutral
2020-01-11 20:22:37,1216093074830422016,@SamStrake @MoltenSlowa Not all heroes wear capes. Thank you!,0.0,neutral
2020-01-11 20:22:09,1216092956031115265,@SamStrake Over here in ny we get both in the same day along with sunshine üòÇ. I wish I was minding but I‚Äôm notl lol‚Ä¶ https://t.co/TGDwYw6cgt,0.0,neutral
2020-01-11 20:21:54,1216092894437625856,RT @SamStrake: I made a Google Sheet that collects creator's email addresses from their Twitter bios because finding them all by hand is a‚Ä¶,0.0,neutral
2020-01-11 20:11:24,1216090250306576385,@SamStrake Thanks!,0.25,positive
2020-01-11 20:11:13,1216090204659965953,RT @SamStrake: I made a Google Sheet that collects creator's email addresses from their Twitter bios because finding them all by hand is a‚Ä¶,0.0,neutral
2020-01-11 20:00:25,1216087486184730625,"@SamStrake Cocaine, of course https://t.co/6dgUilfGpt",0.0,neutral
2020-01-11 20:00:19,1216087463824953345,@SamStrake Most people watch livestreams on computer monitors &amp; cell phones. With very few exceptions these 2 thing‚Ä¶ https://t.co/toIPlP5W2U,0.12,positive
2020-01-11 19:53:42,1216085795477565442,@SamStrake tbh i hate myself for making that joke but it‚Äôs gonna stay,-0.8,negative
2020-01-11 19:53:17,1216085692339687424,"@SamStrake it‚Äôs just a white guy, it‚Äôll be okay.",0.25,positive
2020-01-11 19:42:19,1216082931183124482,@SamStrake Bring some to Austin!!! https://t.co/zW9428x6I9,0.0,neutral
2020-01-11 19:38:51,1216082058025611317,@Oreocide @SamStrake Hope she sees this bro ‚úäüò§,0.0,neutral
2020-01-11 19:33:57,1216080827072671744,@SamStrake https://t.co/KFMyA6LT8j,0.0,neutral
2020-01-11 19:33:15,1216080651507552256,@Dyeoxy @Silfy_Star @SamStrake I stream at 7500. The cap is 8k,0.0,neutral
2020-01-11 19:32:20,1216080420539752449,"@DoubleAgtSmith @SamStrake No one, it's so impossibly hard it's not worth it.",-0.22083333333333333,negative
2020-01-11 19:30:44,1216080016838053888,@SamStrake Also I tested it with my own username and holy balls that's so cool!!!,0.641796875,positive
2020-01-11 19:30:18,1216079909216346112,@SamStrake @Nelstar15 and @seriouslyclara,0.0,neutral
2020-01-11 19:30:11,1216079877952028672,@Oreocide @SamStrake Tell her she can bring Milo. Maybe someone will spike the punch and she'll let him have some. https://t.co/L4vBISOOwC,0.0,neutral
2020-01-11 19:26:22,1216078919197167617,@SamStrake Hey how‚Äôs the weather it‚Äôs 60 here in the east coast states lol,0.8,positive
2020-01-11 19:13:41,1216075727608610817,@SamStrake I wanna ask her to prom but idk if she'll say yes I'm really nervous!!! üò≥,0.390625,positive
2020-01-11 18:58:30,1216071904253169666,@SamStrake @robertoblake For me I had to go broad and taste a lot of different things before I could narrow to a ni‚Ä¶ https://t.co/kG9HWg3m9E,-0.04583333333333334,negative
2020-01-11 18:54:18,1216070848169246721,"@SamStrake Heya Sam, got a minute?",0.0,neutral
2020-01-11 18:52:33,1216070408388038657,@SamStrake Bad hair day?,-0.6999999999999998,negative
2020-01-11 18:52:31,1216070401354162176,@I_always_know @SamStrake @ModestMarill @XanozIchimonji U win,0.8,positive
2020-01-11 18:42:53,1216067974768951296,@SamStrake I‚Äôve been fortunate enough in the past to have companies that pay for software that has this as a featur‚Ä¶ https://t.co/sNfEXtLEMu,0.05000000000000001,positive
2020-01-11 18:42:01,1216067757143400449,"@SamStrake You see, when one cloud really likes another cloud......... üôÉ

I'll show myself out.",0.2,positive
2020-01-11 18:40:22,1216067342867759105,@SamStrake 2020 Texas gets flurries ? Whoa...,0.0,neutral
2020-01-11 18:40:20,1216067333661155328,"@The_IdiotChris @_ThePrncss @SamStrake Da na na, Da Na Naüî•",0.0,neutral
2020-01-11 18:39:00,1216066999203385344,@SamStrake We make just make our own. There‚Äôs always new creators though,0.36818181818181817,positive
2020-01-11 18:37:11,1216066539797073921,@SamStrake Cum,0.0,neutral
2020-01-11 18:31:39,1216065149116743683,@SamStrake @Oreocide And I'd piss myself laughing while watching from a distance.,0.0,neutral
2020-01-11 18:29:25,1216064588677963784,@SamStrake https://t.co/lTwo0OQ7v8,0.0,neutral
2020-01-11 18:20:56,1216062452854484992,@SamStrake Wait which one are you in,0.0,neutral
2020-01-11 18:20:06,1216062242766163968,"@SamStrake ""Algorithm"" sounds like a location from the Lord of the Rings series.",0.0,neutral
2020-01-11 18:19:13,1216062021336289282,@SamStrake BREAKING +++ Streamer admits to doing coke on Twitter +++,0.0,neutral
2020-01-11 18:16:05,1216061230101794818,@SamStrake I just realised that i am a community / influencer manager.,0.0,neutral
2020-01-11 18:07:39,1216059106810720256,@SamStrake As long as it's not hurting or straining my eyes I honestly dont care.,0.27499999999999997,positive
2020-01-11 18:06:06,1216058716958658561,@AzrealShernack @SamStrake Agreed,0.0,neutral
2020-01-11 18:05:25,1216058548892905473,"@SamStrake @DrCyborg Dandruff, I suggest head and shoulders",0.0,neutral
2020-01-11 18:02:37,1216057842995748868,"@SamStrake It was just 82‚Äô earlier yesterday too. The year 1982 that is, see Sam I come from an alternate timeline‚Ä¶ https://t.co/q5B3XqUsOx",0.0,neutral
2020-01-11 18:02:05,1216057709755322369,"@TravisShreffler @SamStrake You can see it literally jumping out of his hair in the first picture. 

Disgusting.",-0.375,negative
2020-01-11 18:00:42,1216057358989889536,"@SamStrake Oh gawd

No one... explained to you race yet, eh 

Well you see...",0.0,neutral
2020-01-11 17:59:00,1216056930634010626,@SamStrake Meanwhile it‚Äôs 71 degrees in Virginia. I want some snow!!!! üò°,0.0,neutral
2020-01-11 17:58:32,1216056813633855493,@mikeyperk @SamStrake https://t.co/8Se4vt4Ijf,0.0,neutral
2020-01-11 17:57:35,1216056575376232448,@SamStrake Did your box of instant mashed potatoes explode or sum?,0.0,neutral
2020-01-11 17:55:28,1216056043320545280,RT @SamStrake: The fuck is this white stuff https://t.co/ZUANS5sC1L,-0.2,negative
2020-01-11 17:54:35,1216055821315891200,@SamStrake I‚Äôll take snow over the -30 weather we‚Äôre getting any day ü§™,0.0,neutral
2020-01-11 17:51:32,1216055054744072192,@SamStrake It‚Äôs an invasion from alien lice. The first picture shows they‚Äôre falling from the sky,0.0,neutral
2020-01-11 17:51:24,1216055017452470272,@SamStrake That‚Äôs what she said.,0.0,neutral
2020-01-11 17:50:15,1216054728070660103,@SamStrake let‚Äôs get drinks at South!,0.0,neutral
2020-01-11 17:50:03,1216054679291027456,"@SamStrake Lucky! Send that to Austin, please!",0.5208333333333333,positive
2020-01-11 17:49:55,1216054644448940034,@SamStrake It‚Äôs called Sam Strake. #sorrynotsorry üòÖ,0.0,neutral
2020-01-11 17:49:52,1216054631555571716,@SamStrake God has dandruff..,0.0,neutral
2020-01-11 17:49:36,1216054564404846593,@SamStrake Bruh. Get some head and shoulders. Fuck,-0.4,negative
2020-01-11 17:49:25,1216054520351993856,@SamStrake Jesus' love.,0.5,positive
2020-01-11 17:49:05,1216054434993713152,"@SamStrake Chemtrail-Flakes. 
To the Chemtrail Shelter, quick!
;)",0.3333333333333333,positive
2020-01-11 17:48:51,1216054377858899968,@SamStrake It's better than the pollen that's currently covering my car. &gt;:(,-0.08333333333333333,negative
2020-01-11 17:48:34,1216054306803154945,"@SamStrake Dandruff

Take better care of your scalp, Sam",0.5,positive
2020-01-11 17:42:44,1216052836523479040,RT @SamStrake: I made a Google Sheet that collects creator's email addresses from their Twitter bios because finding them all by hand is a‚Ä¶,0.0,neutral
2020-01-11 17:32:38,1216050295446224896,@SamStrake Lol. True. There are total different levels of toolsets,0.2875,positive
2020-01-11 17:25:23,1216048472971010049,@SamStrake @gothixTV @Kittaniee @CeddyOrNot @themohawkmike @robsekay,0.0,neutral
2020-01-11 17:24:12,1216048175942860800,RT @SamStrake: I made a Google Sheet that collects creator's email addresses from their Twitter bios because finding them all by hand is a‚Ä¶,0.0,neutral
2020-01-11 17:20:32,1216047252789055488,@SamStrake @taylorishere we just like the pain and misery of looking up every single influencer and clicking into their page 7000 times,-0.07142857142857142,negative
2020-01-11 17:16:42,1216046288283680775,@SamStrake Unless we have SFDC üòú,0.0,neutral
2020-01-11 17:14:57,1216045845658861568,@SamStrake Amazing resource for connecting with content creators,0.6000000000000001,positive
2020-01-11 17:14:48,1216045809118011393,"@SamStrake It is, those google wizards are in the big building with algorithm written on it.",0.0,neutral
2020-01-11 17:08:48,1216044298048720896,@SamStrake Thank you sir. Now post a Belfie so we can all go about our day. Wait...was that just a TroubleTruck thi‚Ä¶ https://t.co/h0ARGUCYMe,0.0,neutral
2020-01-11 17:02:16,1216042656477769736,@SamStrake Did you make the requisite sacrifice today? https://t.co/LHuUyMobFJ,0.0,neutral
2020-01-11 16:58:38,1216041740018364418,@SamStrake Send me a Polaroid lewd too! Or am I asking too much.,0.2,positive
2020-01-11 16:55:02,1216040836380516352,@SamStrake https://t.co/xuHsqxERIK,0.0,neutral
2020-01-11 16:51:11,1216039865273454598,RT @SamStrake: The Witcher- Toss a Coin To Your Witcher ft. Lil Jon https://t.co/uV6gkhDBHA,0.0,neutral
2020-01-11 16:31:18,1216034863536537602,@SamStrake For real? :),0.35,positive
2020-01-11 16:28:02,1216034040630910982,@SamStrake Yeah but like...it is.,0.0,neutral
2020-01-11 16:26:27,1216033643090436096,"@SamStrake I always assumed 4K was for those wealthy enough to have TVs the size of entire walls. &gt;.&gt;;
1080p seems‚Ä¶ https://t.co/3B9IKTbGyL",0.16666666666666666,positive
2020-01-11 16:19:39,1216031931587940353,@SamStrake TeLL mE hOw to bEcoMe a cLICKbaiT so I cAN beCOmE iNnarNEt FaMoUS?!?! $$$,0.78125,positive
2020-01-11 16:18:11,1216031562044669953,@SamStrake You forgot Ignore. &gt;-&gt;,0.0,neutral
2020-01-11 16:14:00,1216030507433177090,@SamStrake https://t.co/67ZcaPoFSn,0.0,neutral
2020-01-11 16:11:45,1216029943181778945,@SamStrake https://t.co/gMk4NGvOdT,0.0,neutral
2020-01-11 16:10:02,1216029510342148096,@SamStrake If 1-3 actually helped I‚Äôd be the most followed man alive üòî,0.19999999999999998,positive
2020-01-11 16:08:53,1216029219886714880,@SamStrake Don't you dare mock our Lord and Savior.,0.0,neutral
2020-01-11 16:04:37,1216028145511469062,"@_ThePrncss @SamStrake *slides over bud and bong*
*Whispers* 
""da na na, da na na""
*Begins talking*
""okay PochaJaide-",0.5,positive
2020-01-11 16:02:03,1216027499756433409,@The_IdiotChris @SamStrake Yeah you lost me,0.0,neutral
2020-01-11 16:01:41,1216027407930527744,"@_ThePrncss @SamStrake Add it to the list of clicky click words

- Cloud
- Web-scraping 
- Algorithm
- Data Mining
- Jell-O",0.0,neutral
2020-01-11 15:59:32,1216026867955879937,"@SamStrake Instructions weren‚Äôt clear enough, I got my dick stuck in the oven. Going to the hospital now.",0.05000000000000001,positive
2020-01-11 15:54:45,1216025664970731520,"@SamStrake @The_IdiotChris *makes fun of grandma cuz she can't turn on iPad*
""What's an algorithm?""
Even my self roasts are gold",0.3,positive
2020-01-11 15:51:28,1216024838642503682,@Alex_seab1 @SamStrake Parents that doesn't give their kid any chance... üëÄ,0.0,neutral
2020-01-11 15:49:17,1216024289612308482,"@MzzaArt @SamStrake You can reverse engineer formulas, but not with this many variables. Here you are talking about‚Ä¶ https://t.co/ZFhpCXwiLl",0.5,positive
2020-01-11 15:49:00,1216024217017376771,@SamStrake üòÇüòÇüòÇ I replied to the wrong tweet.,-0.5,negative
2020-01-11 15:46:16,1216023529189191680,"@NaiAlexandr @SamStrake If you know the results, you can figure out the formula",0.0,neutral
2020-01-11 15:46:01,1216023464605364233,"@NaiAlexandr @SamStrake That's funny, cuz 80% of my math classes existed of reverse-engineering formulas",0.25,positive
2020-01-11 15:44:43,1216023139139964929,"@SamStrake @MzzaArt I'm good at math and still don't understand the algorithm. 

Does it have a formula we know? Be‚Ä¶ https://t.co/jlJtvcinrS",0.7,positive
2020-01-11 15:43:13,1216022762332049409,@SamStrake Me using the word algorithm. https://t.co/PVrSNIgVjX,0.0,neutral
2020-01-11 15:40:17,1216022021085257735,"@SamStrake Post: poor engagement 

Algorithm: https://t.co/Snyja7NIzg",-0.4,negative
2020-01-11 15:39:46,1216021892156612609,@SamStrake Me when the algorithm's glory shines upon my channel https://t.co/damDi8DitP,0.0,neutral
2020-01-11 15:37:50,1216021404425916416,"@SamStrake WAIT!

It‚Äôs not?!?

THE LIES IVE BEEN TOLD",0.0,neutral
2020-01-11 15:37:37,1216021350139289600,@SamStrake Well yeah I am,0.0,neutral
2020-01-11 15:36:18,1216021021402243072,@SamStrake It isn't?????,0.0,neutral
2020-01-11 15:33:39,1216020355262926849,@EscoBlades @SamStrake https://t.co/K9AnZDblg5,0.0,neutral
2020-01-11 15:14:44,1216015594530770944,@EscoBlades @SamStrake God damnit LOL,0.8,positive
2020-01-11 15:11:59,1216014900385976326,@SamStrake He kind of reminds me of that TroubleTruck guy. What a clown. üßêü§°,0.6,positive
2020-01-11 15:08:00,1216013898983333895,"@SamStrake Excuse me you're not allowed to reply. You've been cancelled. 

I posted a fancam and everything.",-0.05,negative
2020-01-11 15:06:38,1216013555964747776,@SamStrake #SamStrakeisOverParty https://t.co/k0h4elnrHP,0.0,neutral
2020-01-11 15:02:32,1216012522546966543,"@SamStrake What a weirdo, who names their kid Sam anyway!? Weak!!!!",-0.91552734375,negative
2020-01-11 15:00:37,1216012038926979072,@SamStrake Always knew he was trouble... Truck,-0.2,negative
2020-01-11 13:32:24,1215989837993594885,RT @SamStrake: The Witcher- Toss a Coin To Your Witcher ft. Lil Jon https://t.co/uV6gkhDBHA,0.0,neutral
2020-01-11 10:42:58,1215947202062778368,@SamStrake That‚Äôs fine. Just give me the B button option so I can back out üòÅ,0.20833333333333334,positive
2020-01-11 10:10:20,1215938986369155074,@SamStrake Make sure you knock that like button up!,0.625,positive
2020-01-11 09:54:42,1215935053554806785,@SamStrake Ok I just saw everyone else comment this and now I feel unoriginal,0.15,positive
2020-01-11 09:54:02,1215934887959527424,@SamStrake A few of these are also Pok√©mon moves or name variations of Pok√©mon moves. :3,0.15,positive
2020-01-11 08:51:10,1215919064746536960,@stephneee_plz @Larawithabird @SamStrake Like if someone transitioned to a boy at a young age would their growth sp‚Ä¶ https://t.co/TPX77DmqVg,0.1,positive
2020-01-11 08:48:52,1215918487031382016,@stephneee_plz @Larawithabird @SamStrake If you are speaking on terms of people who have transition well that would‚Ä¶ https://t.co/1Vzojw97eN,0.0,neutral
2020-01-11 08:47:13,1215918070788763648,"@stephneee_plz @Larawithabird @SamStrake I'm hoping that comes across right, Twitter can make people think the wors‚Ä¶ https://t.co/n1oE5CJ0zs",0.2857142857142857,positive
2020-01-11 08:41:40,1215916676539174912,@stephneee_plz @Larawithabird @SamStrake This would be biological so they would be going by sex not gender. That's‚Ä¶ https://t.co/3E7I7SU6jT,0.0,neutral
2020-01-11 08:20:55,1215911454349713409,RT @SamStrake: The Witcher- Toss a Coin To Your Witcher ft. Lil Jon https://t.co/uV6gkhDBHA,0.0,neutral
2020-01-11 07:33:03,1215899406366625792,@SamStrake Last a checked this song is longer than 32 seconds. Don't hold out on us. I'ma need the full version.,0.175,positive
2020-01-11 06:48:16,1215888134392643584,RT @SamStrake: The Witcher- Toss a Coin To Your Witcher ft. Lil Jon https://t.co/uV6gkhDBHA,0.0,neutral
2020-01-11 06:11:04,1215878774392311808,@SamStrake @highharleyquinn @this_vid Okay haha but seriously this is fantastic work 15/10 I do love your edits.,0.2533333333333333,positive
2020-01-11 06:00:42,1215876165010968576,@SamStrake @highharleyquinn @this_vid But seriously if you dont want me to i will not download it and let it fall o‚Ä¶ https://t.co/De4PZsqzgS,-0.3333333333333333,negative
2020-01-11 05:59:35,1215875884978180096,@SamStrake @highharleyquinn @this_vid Too late haha I can share it with my wife now! Haha,0.05000000000000001,positive
2020-01-11 05:46:40,1215872632891092992,@SamStrake @highharleyquinn @this_vid,0.0,neutral
2020-01-11 05:45:48,1215872414506090497,@SamStrake @ModestMarill @XanozIchimonji are you really blocked üòÇüòÇ,0.2,positive
2020-01-11 05:36:21,1215870039087144960,@third_artifact I followed you because you gave @Oreocide and @SamStrake shit...and that resonated with my soul. https://t.co/SnLJUuCRbV,0.0,neutral
2020-01-11 05:06:37,1215862554221842433,@Anhaelas @SamStrake Adding this to the list of tweets I want framed,0.0,neutral
2020-01-11 05:06:07,1215862430917525506,"@katie_kalhar20 @SamStrake @Larawithabird Yes. But then I think a lot of us do, it's not really a social behaviour frequently.",0.04166666666666667,positive
2020-01-11 04:57:13,1215860188277891073,@SamStrake @ModestMarill @XanozIchimonji And nothing of importance was lost.,0.0,neutral
2020-01-11 04:38:43,1215855532843708419,@SamStrake Ive literally had to confer with my twitter advisor lord high chancellor @swagamemnon22 to make sure my‚Ä¶ https://t.co/6OiUlPVcJr,0.33,positive
2020-01-11 04:33:44,1215854278314774528,"@SamStrake Every. Day. I‚Äôm tagged with at least two or three streamers who have me blocked and I‚Äôm like 
Ope if only you knew honey",-0.15,negative
2020-01-11 04:19:55,1215850803455516673,@SamStrake Film and TV shows? 4K all day. Streams? Not a chance.,0.0,neutral
2020-01-11 04:16:45,1215850004515975168,"@SamStrake Unlimited bandwidth and a LG 4K OLED HDR 55"", I always watch in 4K when I can.",0.0,neutral
2020-01-11 03:49:15,1215843086410096643,RT @SamStrake: Streamers when you tell them they are responsible for their community's actions: https://t.co/Uq03bg44oK,0.2,positive
2020-01-11 03:22:10,1215836271479672834,@ModestMarill @SamStrake @XanozIchimonji good tweet,0.7,positive
2020-01-11 02:29:26,1215822999057772544,@SamStrake The credits?,0.0,neutral
2020-01-11 02:16:06,1215819644004532224,RT @SamStrake: The Witcher- Toss a Coin To Your Witcher ft. Lil Jon https://t.co/uV6gkhDBHA,0.0,neutral
2020-01-11 02:15:48,1215819567294926848,@SamStrake @Larawithabird Can I feel a disconnect with all ages of people?,0.0,neutral
2020-01-11 02:13:20,1215818949239046145,@SamStrake And don‚Äôt fuck with my Smash main... https://t.co/xv0eLF4BKb,-0.11666666666666668,negative
2020-01-11 02:12:29,1215818731672104960,@SamStrake That‚Äôs how I roll son.,0.0,neutral
2020-01-11 02:08:11,1215817649935933440,"@SamStrake Yep, I certainly didn‚Äôt post a timely cover of ‚Äòtoss a coin to your witcher‚Äô because I think it‚Äôs the best song ever :p",0.6547619047619048,positive
2020-01-11 02:02:01,1215816098383351811,"@SamStrake I watch basically everything I can 4k, but I also dont have data caps if I had caps then id nope out of it.",0.0,neutral
2020-01-11 01:52:18,1215813655578791936,@SamStrake 4k is good but the tech isn't cheap enough yet. I don't really care as long as its above 360p.,0.20833333333333334,positive
2020-01-11 00:58:33,1215800129317429248,"@SamStrake @XanozIchimonji I‚Äôm a Lucio main
I am also white
If white version counts as cosplay despite how it‚Äôs a m‚Ä¶ https://t.co/o0ErY4ySHd",0.05555555555555555,positive
2020-01-11 00:37:46,1215794896252100609,@SamStrake I'll be over here watching my Dolby vision https://t.co/CIe49J06Md,0.0,neutral
2020-01-11 00:29:39,1215792852892110849,@SamStrake My internet supports 460p...,0.0,neutral
2020-01-11 00:25:26,1215791793939238912,"@SamStrake I think 1080p looks quite bad fullscreen on a monitor, even a 4k tv that upconverts looks meh üòí

If you‚Ä¶ https://t.co/8ibuV8Gpj4",-0.6999999999999998,negative
2020-01-11 00:23:49,1215791387033186304,@Itsthemikejames @SamStrake It‚Äôs one of many inputs,0.5,positive
2020-01-11 00:20:56,1215790659615055872,"@Moshcrates @Itsthemikejames @SamStrake I‚Äôm not talking about consuming, I‚Äôm talking about creating",0.0,neutral
2020-01-11 00:17:48,1215789873921216512,"@SamStrake No matter how slow you set x264.. 1080p is still too high for current streaming bitrates, unless your se‚Ä¶ https://t.co/t3j2iZbpgX",-0.04666666666666668,negative
2020-01-11 00:17:45,1215789860369379328,@SamStrake I don‚Äôt.,0.0,neutral
2020-01-11 00:17:03,1215789683793285120,@SamStrake This is my new favorite picture omg,0.3181818181818182,positive
2020-01-11 00:15:45,1215789356251865088,@SamStrake As far as streaming?  Don't do 4k. Most viewers can't handle it anyway plus it requires a tremendous amount of upstream data.,0.3111111111111111,positive
2020-01-11 00:09:18,1215787734201257985,"@SamStrake Make fun of yourself so that nobody else can, right? Then they have nothing to hold against you...",0.2928571428571428,positive
2020-01-11 00:00:32,1215785528898928641,@ModestMarill @SamStrake @XanozIchimonji THE SOUND I JUST MADE READING THAT. üòÇüòÇüòÇ,0.4,positive
2020-01-11 00:00:21,1215785481511763969,"@SamStrake @Larawithabird (See, that‚Äôs now we older Millenials do it... we tweet at you to get off our lawns instead of yelling it)",0.16666666666666666,positive
2020-01-10 23:59:34,1215785282940829696,@Itsthemikejames @SamStrake @TechnoTimLive Disagree. The promoted videos are top list. Transcoding is auto. The vie‚Ä¶ https://t.co/SAiOBRheRj,0.5,positive
2020-01-10 23:55:52,1215784354112253953,"@SamStrake @Larawithabird Get off my lawn, @SamStrake",0.0,neutral
2020-01-10 23:34:02,1215778856625483776,"@SamStrake I'm still watching content in 720p or, on my phone, 480p...",0.0,neutral
2020-01-10 23:33:36,1215778748944932869,@SamStrake I like watching 4K films and pre recorded vids... but for streaming? 1080p is more than sufficient,0.5,positive
2020-01-10 23:32:53,1215778570565496835,@SamStrake I mean. I game in ‚Äú4K‚Äù but stream and watch videos in 1080,-0.35625,negative
2020-01-10 23:29:49,1215777796569604096,@SamStrake For movies and like Netflix yah yah yah,0.0,neutral
2020-01-10 23:28:26,1215777447116861440,@Moshcrates @SamStrake Nature shows in 4k https://t.co/0tLITZodpg,0.0,neutral
2020-01-10 23:26:37,1215776990185304066,@afkayt @SamStrake This girl. This girl knows,0.0,neutral
2020-01-10 23:26:07,1215776864666562560,"@SamStrake Said the dinosaur who scoffed at ""hd tv"". ...and records...and beta Max...and lte...",0.0,neutral
2020-01-10 23:23:29,1215776203946283008,@Silfy_Star @SamStrake Twitch restricts to 6k bitrate. Only a select few have higher. 4k requires like 35k bitrate,0.016666666666666663,positive
2020-01-10 23:21:13,1215775632174403584,@SamStrake @ashnichrist Dammit I was gonna say that.,0.0,neutral
2020-01-10 23:21:05,1215775599194599424,@SamStrake On the 4k tv yeah stuff looks good and if something is available in 4k I stream it that way. Otherwise 1080p on other devices.,0.325,positive
2020-01-10 23:10:33,1215772950248468480,@SamStrake I‚Äôve never heard anyone complain about 1080.. I‚Äôve heard complaints about lower. I think it doesn‚Äôt matt‚Ä¶ https://t.co/MU6OW09Amv,0.0,neutral
2020-01-10 23:08:55,1215772536786554881,@SamStrake Motorola Razr though,0.0,neutral
2020-01-10 23:07:29,1215772178634985480,"@SamStrake To be fair, I do kind of want to see fruit roll-up tvs too... They make me laugh.",0.5333333333333333,positive
2020-01-10 23:07:26,1215772165443932162,"@SamStrake Me. I does- particularly animations and cinematic animations, I wanna experience it how it was rendered in the highest quality",0.08333333333333333,positive
2020-01-10 23:03:15,1215771112883154944,@SamStrake Wait I haven't actually seen that movie üò∞,0.0,neutral
2020-01-10 23:00:12,1215770343345815552,@SamStrake Some people blocked me solely cause I follow you. See what you did to me.,0.0,neutral
2020-01-10 22:58:03,1215769804520546305,"@SamStrake Not YouTube videos or anything, but if I‚Äôm watching a movie it‚Äôs a big yes.",0.0,neutral
2020-01-10 22:56:54,1215769515117760513,"@SamStrake They seemed confident that their number collection method would be fair and more accurate, but for any n‚Ä¶ https://t.co/PCRn5T1AKq",0.525,positive
2020-01-10 22:54:32,1215768916984836097,"@SamStrake So...

When can we expect to see a video of you rap battling all of your online haters? https://t.co/rBysfiRwzV",0.0,neutral
2020-01-10 22:54:16,1215768851046195200,"@SamStrake 4k for YT and streams doesn't make much sense.

I believe the vast majority aren't consuming them on a d‚Ä¶ https://t.co/xAXjSE5CVO",0.1,positive
2020-01-10 22:54:08,1215768816753442816,@SamStrake @moblordTV Pretty sure tik toc does the same thing.,0.25,positive
2020-01-10 22:53:50,1215768741583126530,@SamStrake Every time you get praise you eat mom spaghetti  ?,0.0,neutral
2020-01-10 22:52:21,1215768369640591360,@SamStrake I gotta go back and watch that movie,0.0,neutral
2020-01-10 22:51:48,1215768229840220160,@SamStrake Have you tried 4k pornüôÑ,0.0,neutral
2020-01-10 22:49:11,1215767571682615297,@SamStrake Right. But hey if you wanna view bot the shit out of your account with no repercussions  Facebook gaming has your back,0.028571428571428564,positive
2020-01-10 22:43:43,1215766197100273664,"@SamStrake @SirSlaw_ I think it's relatively common sense, I just don't know if people know where to start or how/w‚Ä¶ https://t.co/bwekbzFLu4",-0.3,negative
2020-01-10 22:43:31,1215766145921441793,@SamStrake rofl yes,0.8,positive
2020-01-10 22:43:04,1215766033501446145,@SamStrake Someone should tell them that internal server hours don't count.,0.0,neutral
2020-01-10 22:39:45,1215765198318993408,@SamStrake Or get tagged in shoutouts by someone I don‚Äôt follow who has a private account so I can‚Äôt even see the shoutout,0.0,neutral
2020-01-10 22:39:25,1215765113824841728,@SamStrake He is a fugly slut. Don‚Äôt trust him https://t.co/Aqu0AT2uS8,0.0,neutral
2020-01-10 22:38:45,1215764946711187456,@Dyeoxy @SamStrake @DisguisedToast @MelonieMac @TradeChat Maybe they lied to these streamers about their growth too tho...,0.0,neutral
2020-01-10 22:38:29,1215764876586602498,"@SamStrake @TechnoTimLive I suppose. But YouTube runs from its ad revenue.
If it pushed a 4k video, say, over a 108‚Ä¶ https://t.co/JiGpPsDg1v",0.0,neutral
2020-01-10 22:38:16,1215764823121768448,@SamStrake They didn‚Äôt answer my question https://t.co/xsuovg4cbq,0.0,neutral
2020-01-10 22:37:03,1215764519378739200,@SamStrake https://t.co/FB3z6Kxxvr,0.0,neutral
2020-01-10 22:35:47,1215764199911063552,"@TechnoTimLive @SamStrake I've not looked into this, so this isn't solid but I can't see that being a thing.

They'‚Ä¶ https://t.co/9Hjyf5aYtl",0.0,neutral
2020-01-10 22:34:36,1215763900949508098,"@SamStrake Can't answer for them on that, but probably via the same method used for also grabbing numbers from the other platforms.",-0.0625,negative
2020-01-10 22:33:36,1215763647500296198,@SamStrake I don't believe for a single second that the industry grew over the last quarter. Typically viewership i‚Ä¶ https://t.co/D9zrBt8Nj6,-0.05952380952380952,negative
2020-01-10 22:33:12,1215763549022089217,"@SamStrake Could 12% be that they had 1 streamer, and now they have 12?",0.0,neutral
2020-01-10 22:32:37,1215763400380174336,"@SamStrake despite their past, it might be plausible. they did acquire @DisguisedToast and have been growing a rost‚Ä¶ https://t.co/soXh0WR9hy",0.125,positive
2020-01-10 22:30:43,1215762924448423941,"@SamStrake Haha, true, and perfect picture.",0.5166666666666667,positive
2020-01-10 22:29:42,1215762667371147265,"@SamStrake I should note that it's not Facebook  reporting those hours, it's Arsenal's third-party observational re‚Ä¶ https://t.co/vNYBN7MDBD",0.0,neutral
2020-01-10 22:28:51,1215762452178198532,@LambbChops @SamStrake We'll have to set you up with some diffraction glasses next Con!,0.0,neutral
2020-01-10 22:19:31,1215760105423167489,@SamStrake I always record videos in 4k and edit in 1080p.. that way the 1080p looks sharper and I czn always crop‚Ä¶ https://t.co/2ZVa71KS0f,0.0,neutral
2020-01-10 22:15:52,1215759187436867584,@SamStrake üëÄ I'll ask about that on our panel,0.0,neutral
2020-01-10 22:09:01,1215757461317177351,RT @SamStrake: The Witcher- Toss a Coin To Your Witcher ft. Lil Jon https://t.co/uV6gkhDBHA,0.0,neutral
2020-01-10 21:59:10,1215754983506763776,@SamStrake I do but I don‚Äôt want to stream it. I would rather have a 4K disc because lol bandwidth,0.8,positive
2020-01-10 21:56:32,1215754319909310464,"@SamStrake I only care when it comes to playing my own games, watching streams, all that stuff, 1080 max, usually I‚Ä¶ https://t.co/9Gtp4DB9A0",0.11666666666666665,positive
2020-01-10 21:55:56,1215754170504040448,"@SamStrake I have a 4k tv but have yet to use its capabilities. Maybe once next gen consoles come out, it'll finally be worth it.",0.15,positive
2020-01-10 21:54:15,1215753746770223105,"@SamStrake I don‚Äôt watch in 4K, even if I have the option.",0.0,neutral
2020-01-10 21:53:36,1215753581363482624,"@DrkstTimelineF @Oreocide @SamStrake Yeah no kidding, no mews yet ifnitnwill be more consostent in future unfortuna‚Ä¶ https://t.co/wyhFUhKeBC",0.25,positive
2020-01-10 21:47:05,1215751942321922053,@SamStrake I watch 720p. I have a 1 TB data cap on my home internet. Also my cell phone and chromebook will scream‚Ä¶ https://t.co/Tb1NpEAs7E,0.0,neutral
2020-01-10 21:39:58,1215750153119793152,"@SamStrake I guess I should caveat that - it really depends more on the bitrate, but most people don't get into the‚Ä¶ https://t.co/q2s2sJmzQS",0.39999999999999997,positive
2020-01-10 21:38:57,1215749898160574464,@SamStrake Yes...yes I do. There's a huge difference between a good 4K stream and a great 1080p stream. https://t.co/ExZ3mvIroQ,0.6333333333333334,positive
2020-01-10 21:37:30,1215749533553967104,"@censorfish @Oreocide @SamStrake Oh whoa, really?! That's wild....

I wonder if we'll see stuff like that hidden be‚Ä¶ https://t.co/xf1e2BwSnB",0.06111111111111111,positive
2020-01-10 21:36:15,1215749218079531008,"@SamStrake I have gigabit so I just do it, but it‚Äôs usually not a noticeable difference on anything cept a 4K tv",0.125,positive
2020-01-10 21:30:17,1215747715318943747,@SamStrake Pretty much 1080p for same reason,0.15,positive
2020-01-10 21:29:13,1215747448229941248,"@DrkstTimelineF @Oreocide @SamStrake They do get it on occasion, but it‚Äôs hit or miss on whether you get it. Some a‚Ä¶ https://t.co/4irgpDrBCK",0.0,neutral
2020-01-10 21:26:57,1215746874684190720,"@Oreocide @SamStrake That partner transcoding flex tho

Seriously tho, that's one huge perk streaming to YouTube ha‚Ä¶ https://t.co/8ftarfLFVg",0.03333333333333338,positive
2020-01-10 21:23:16,1215745950842523648,"@SamStrake I play in 4k, have a 4k 28‚Äù monitor and a 4k tv, but 1080p60fps still works fine. Technology really isn‚Äô‚Ä¶ https://t.co/qR4tdkoHzu",0.30833333333333335,positive
2020-01-10 21:21:29,1215745502261710849,@SamStrake This üíØ,0.0,neutral
2020-01-10 21:20:57,1215745366626394112,@SamStrake I actually picked up on this one rather quickly. It helps to stay educated in the areas you/your audience want.,0.16666666666666666,positive
2020-01-10 21:20:08,1215745159725379584,"@Oreocide @SamStrake Like, I‚Äôm pretty sure twitch could afford to extend the transcoding perk to affiliates that pass some thresholdü§∑‚Äç‚ôÇÔ∏è",0.375,positive
2020-01-10 21:20:00,1215745128167428096,@SamStrake I binge 4k content on netflix. HDR over 144 hz every day,0.0,neutral
2020-01-10 21:19:23,1215744972898496513,@Oreocide @SamStrake Been trying to compare my visual fidelity with yours and couldn‚Äôt figure out the crispness‚Äî I‚Ä¶ https://t.co/4nalworYtr,0.0,neutral
2020-01-10 21:19:15,1215744936831635456,@Silfy_Star @SamStrake dunno how enforced the bitrate thing is tho cause whose gonna be that petty or can actually‚Ä¶ https://t.co/iWhguDIwXS,0.0,neutral
2020-01-10 21:18:11,1215744669558046720,"@Silfy_Star @SamStrake To knowledge right now,  non partners are technically not allowed to stream over a bitrate o‚Ä¶ https://t.co/ErHTp9c9fT",0.14285714285714285,positive
2020-01-10 21:17:20,1215744458257588226,@SamStrake I honestly don't see much difference between the two.,0.4,positive
2020-01-10 21:15:25,1215743976008892416,"@ItsYoshh @SK8MANTV @SamStrake Well, yeah, haha. You right.",0.24285714285714285,positive
2020-01-10 21:15:03,1215743882157273090,@SamStrake If you care that much about 4K that you simply refuse to watch something if it's not in 4K I don't want‚Ä¶ https://t.co/Dv8dmLxTKq,0.1,positive
2020-01-10 21:14:31,1215743746719059975,@SamStrake Aren‚Äôt bandwidths also restricted on Twitch still (no partners ofc) so streaming in lower quality makes sense,0.0,neutral
2020-01-10 21:14:05,1215743640531763200,@NotGlassdeezy @SK8MANTV @SamStrake Hey. If she's into it üëÄ,0.0,neutral
2020-01-10 21:12:52,1215743331306627072,@SK8MANTV @ItsYoshh @SamStrake Pretty much every Pokemon move except Baton Pass.,0.225,positive
2020-01-10 21:11:45,1215743049466204160,@ItsYoshh @SamStrake We now need a list of moves your Pok√©mon can do to your gf/wife üòÇ,0.0,neutral
2020-01-10 21:09:59,1215742605071470593,@SamStrake I heard that YT boost 4k content in search results.  My new motto is 4k unless I have a reason not to.‚Ä¶ https://t.co/FSnTJuQ414,0.13636363636363635,positive
2020-01-10 21:09:32,1215742493716885505,@SamStrake More than half of these are a Pokemon move as well.,0.16666666666666669,positive
2020-01-10 21:08:27,1215742222051790853,"@SamStrake *subscribe*
*follow*",0.0,neutral
2020-01-10 21:02:36,1215740749939015680,RT @SamStrake: The Witcher- Toss a Coin To Your Witcher ft. Lil Jon https://t.co/uV6gkhDBHA,0.0,neutral
2020-01-10 21:02:22,1215740687834107905,@QuadLazr @LevCTT @SamStrake 8k is pretty legit on anything 85in and larger.,0.125,positive
2020-01-10 21:01:47,1215740545173200896,"@QuadLazr @LevCTT @SamStrake On like a 65in tv, but you could do that too.",0.0,neutral
2020-01-10 20:53:49,1215738538404114438,@SamStrake I watch 4k movies when possible,0.0,neutral
2020-01-10 20:52:59,1215738330547212289,@SamStrake Accidentally press the button,0.0,neutral
2020-01-10 20:52:42,1215738257528565760,RT @SamStrake: The Witcher- Toss a Coin To Your Witcher ft. Lil Jon https://t.co/uV6gkhDBHA,0.0,neutral
2020-01-10 20:52:33,1215738218219524097,"@SamStrake Just movies xD and I can't really tell the difference despite sitting just 2m away from 58"" TV xD",0.2,positive
2020-01-10 20:51:54,1215738057468416000,"@SamStrake Movies and TV shows that I watch on my TV, yes. Anything else, nope.",0.0,neutral
2020-01-10 20:49:06,1215737352238313472,@SamStrake @ItsYoshh Let‚Äôs be real here... Haha,0.2,positive
2020-01-10 20:48:53,1215737294860120064,@SamStrake @Moshcrates @ashnichrist Interestingly CB allows 4k streams,0.5,positive
2020-01-10 20:43:41,1215735986795225091,@SamStrake I watch a lot of stuff in 480 or lower because my internet is such crap,-0.4,negative
2020-01-10 20:43:24,1215735918058930178,@SamStrake I mean no one cared much about hd or Blu-ray either when they hit the map :p,0.2125,positive
2020-01-10 20:41:50,1215735521718173700,"@SamStrake Everything I watch in the living room is watched in 4k/HDR if I can help it.
The difference is massive,‚Ä¶ https://t.co/qB2Bl5fW1n",0.0,neutral
2020-01-10 20:37:21,1215734396021616640,@SamStrake *obligatory:    Yes! Show me your moves!,0.0,neutral
2020-01-10 20:37:05,1215734328744992771,@SamStrake Not really honestly,-0.3,negative
2020-01-10 20:35:49,1215734007926792193,@Camzane @LevCTT @SamStrake Like on my 250-inch thunderdome tv?,0.0,neutral
2020-01-10 20:35:45,1215733990730215430,@SamStrake I thought we were talking about smash for a second. https://t.co/hF53kfOcH7,0.0,neutral
2020-01-10 20:34:54,1215733777651130368,@SamStrake @OfficialJacenG My computer used to nearly explode when editing 4k vid until I learned about proxy editi‚Ä¶ https://t.co/Ad7cE44xE2,0.1,positive
2020-01-10 20:33:12,1215733349681106945,@DoubleAgtSmith @SamStrake DAS if you took your stream colors and effects to 4K my head may explode in an explosion of glitter.,0.0,neutral
2020-01-10 20:33:08,1215733331112775681,@SamStrake A few of those are also Pok√©mon moves...,-0.2,negative
2020-01-10 20:33:04,1215733317821247494,@SamStrake So I can do all these things to you when we have sex?,0.0,neutral
2020-01-10 20:31:49,1215733002388545551,RT @SamStrake: The Witcher- Toss a Coin To Your Witcher ft. Lil Jon https://t.co/uV6gkhDBHA,0.0,neutral
2020-01-10 20:29:59,1215732540323045379,"@SamStrake But yea, rarely for actually watching stuff.",0.15,positive
2020-01-10 20:29:42,1215732469980454912,@SamStrake I only ever use 4k for having more area to crop and stabilize footage with. You can also perform more sh‚Ä¶ https://t.co/0SwdYjvGEC,0.3333333333333333,positive
2020-01-10 20:29:32,1215732426049314816,@SamStrake Not everyone has a 4k monitor but most of us have a 60 fps one.  Push higher framerates at 2k maybe?,0.375,positive
2020-01-10 20:27:59,1215732038247956481,RT @SamStrake: The Witcher- Toss a Coin To Your Witcher ft. Lil Jon https://t.co/uV6gkhDBHA,0.0,neutral
2020-01-10 20:26:43,1215731717908107264,"@SamStrake For me, streams are good in 720p. But for gaming, I need the highest resolution",0.7,positive
2020-01-10 20:24:53,1215731257419730945,@SamStrake I consume as much as I can in 4K. 4K and hdr is tingling.,0.2,positive
2020-01-10 20:24:51,1215731246871072780,"@SamStrake I don‚Äôt think it‚Äôs common sense honestly, otherwise everyone would be doing (and they definitely don‚Äôt lol)",0.275,positive
2020-01-10 20:24:46,1215731228357337091,@LevCTT @SamStrake That is dictated by screen size due to pixel count and pixel spacing. 4K and 8k and very legit i‚Ä¶ https://t.co/wBW3CUWmys,0.037500000000000006,positive
2020-01-10 20:24:23,1215731131976470536,"@SamStrake As far as livestreaming goes, I stream at 1080p60 only because, as a partner, I get transcoding so I ass‚Ä¶ https://t.co/3OwbVLcDEG",0.05,positive
2020-01-10 20:21:52,1215730498523164672,@SamStrake also i watch amazon stuff on my computer so it restricts me to 480p :(,-0.75,negative
2020-01-10 20:21:50,1215730490470215680,@SamStrake We n the home of very much interwebs watch things in 4k,0.26,positive
2020-01-10 20:21:49,1215730485961379842,@SamStrake @ashnichrist Never half ass anything.,0.08333333333333333,positive
2020-01-10 20:21:10,1215730321414553600,@SamStrake I‚Äôll also never forget when I went from a 1080p monitor to a 2k monitor and I couldn‚Äôt believe the drast‚Ä¶ https://t.co/xFJNI1UU0n,0.0,neutral
2020-01-10 20:21:05,1215730301722226688,@SamStrake i like having the option but i always choose 720p because it loads so much faster.  granted 1080p loads‚Ä¶ https://t.co/KK6sKLiy75,0.2,positive
2020-01-10 20:20:41,1215730198412451840,"@SamStrake I limit what I watch to 720p, but I can see the benefits of 4K when it comes to editing. https://t.co/xhkCzK7Nuh",0.0,neutral
2020-01-10 20:20:40,1215730196311166976,"@SamStrake THAT makes more sense. I think 4k TVs and monitors are a still a ways from being the norm. It's a niche at this point, IMHO.",0.5,positive
2020-01-10 20:20:10,1215730071354298368,RT @SamStrake: The Witcher- Toss a Coin To Your Witcher ft. Lil Jon https://t.co/uV6gkhDBHA,0.0,neutral
2020-01-10 20:20:01,1215730032489979918,@SamStrake When the human eye can‚Äôt differentiate past 140p does it reallllllly matter? https://t.co/tZKzezuCLN,-0.125,negative
2020-01-10 20:19:49,1215729981428510721,"@SamStrake I still haven't bought into any 4K anything yet. Everything in my house is 1080p at most.

I see no reas‚Ä¶ https://t.co/dUN5MBkKPU",0.5,positive
2020-01-10 20:19:42,1215729951883825152,"@SamStrake But I could see the other side where people do t care? But I find it‚Äôs usually people settle for less,‚Ä¶ https://t.co/SkBegNKg7k",-0.1875,negative
2020-01-10 20:19:11,1215729822275637249,@SamStrake @DoubleAgtSmith When they released the first 4K at my bestbuy in 2013.  Sony already had a display up wi‚Ä¶ https://t.co/3Q3lIwDJ02,0.25,positive
2020-01-10 20:18:55,1215729755112247296,@SamStrake For example. I wanted the League of Legends season 10 cinematic they made yesterday in 1080p and had bad‚Ä¶ https://t.co/PXhDgFgIIU,0.0,neutral
2020-01-10 20:18:32,1215729660157403136,@SamStrake Movies for sure. Videos and streams not really. I stream in 720 cause i know a lot of my viewers can't w‚Ä¶ https://t.co/orKP3vxZF7,0.2,positive
2020-01-10 20:18:31,1215729653018779653,@SamStrake I usually do 720 because I'm not big enough to be guaranteed transcode... And I'd rather more people be able to watch.... Lol,0.25833333333333336,positive
2020-01-10 20:17:47,1215729468360314881,@SamStrake Idk this question genuinely conflicts me because the different to me between 1080p and 4K is huge even i‚Ä¶ https://t.co/5wIxl1X5f7,0.26666666666666666,positive
2020-01-10 20:17:41,1215729444809297924,"RT @ButtJuiceSoup: @SamStrake *wife bangs on door* ‚ÄúWHAT ARE YOU DOING IN THERE‚Äù

‚ÄúSAVING THE ENVIRONMENT‚Äù",0.0,neutral
2020-01-10 20:17:26,1215729381240397824,"@SamStrake If something I'm watching is in 4K, it's not by choice, it's just what it defaulted to that my internet‚Ä¶ https://t.co/E7ryqm6Fcz",0.0,neutral
2020-01-10 20:17:17,1215729342728241152,"@SamStrake Both are valid, depends on your content . If I had the option I‚Äôd be recording in 6k and uploading at 4K‚Ä¶ https://t.co/OCTLV2ShW5",0.0,neutral
2020-01-10 20:17:15,1215729335438577669,@WrenchItRyan @SamStrake @ashnichrist The danger of technology!,0.0,neutral
2020-01-10 20:17:15,1215729334524219392,@SamStrake Honestly...4K is for television and film right now. I don't ever watch anything on YouTube in 4k unless‚Ä¶ https://t.co/CA9fXI7Rsk,0.2857142857142857,positive
2020-01-10 20:17:01,1215729276722589696,@SamStrake There was a tech video I watched. I wish I could remember who it was. it may of been Linus. They were sa‚Ä¶ https://t.co/s1gEzPpxWX,0.0,neutral
2020-01-10 20:16:42,1215729196003155972,@SamStrake Who the fuck streams in 4k?,-0.4,negative
2020-01-10 20:15:39,1215728934341545989,@SamStrake 1080p is standard for streaming. all my youtube videos are 1080p UPSCALED to 4k so that you get that extra bitrate #protip,0.0,neutral
2020-01-10 20:14:46,1215728711414296578,"@Moshcrates @SamStrake @ashnichrist I haven't even seen anything in 4k, because I fear I will have to have it after‚Ä¶ https://t.co/Hq3wLTBbRr",0.0,neutral
2020-01-10 20:11:21,1215727851724574722,"@SamStrake @ashnichrist oh I think you are right. Though that's not taking into account the most important aspect,‚Ä¶ https://t.co/e7ofFGDpWQ",0.3952380952380952,positive
2020-01-10 20:01:39,1215725409637142528,@SpaceCptZemo @SamStrake https://t.co/TOe4ziee8R,0.0,neutral
2020-01-10 19:58:49,1215724695217029120,@SamStrake E3 is probably gonna change locations anyway,0.0,neutral
2020-01-10 19:53:31,1215723361751400449,@SamStrake You forgot Jan 30th - The Mario Bros. Remastered staring John Leguizamo.,0.0,neutral
2020-01-10 19:51:54,1215722955700764672,"@SamStrake League of legends season 10, January 10th 2020",0.0,neutral
2020-01-10 19:50:00,1215722476216442880,@SpaceCptZemo @SamStrake I want to see THIS live action Sonic.,0.11818181818181818,positive
2020-01-10 19:49:47,1215722425649913858,@SamStrake This is a really good tip!,0.875,positive
2020-01-10 19:36:48,1215719156059762688,"@SamStrake Aww ye.

Already got my content for Sonics https://t.co/3Lw9ld3CvY",0.3,positive
2020-01-10 19:34:49,1215718656677683200,@SamStrake When in doubt. Make shit up!,-0.25,negative
2020-01-10 19:34:02,1215718458874384384,@SamStrake Like your OneFans debut?,0.0,neutral
2020-01-10 19:29:36,1215717346150666240,@SamStrake Become the authority of the niche you want to conquer üòâ,0.0,neutral
2020-01-10 19:29:04,1215717211400073216,@SamStrake https://t.co/91ZRrzbblI,0.0,neutral
2020-01-10 19:15:46,1215713863716548608,@ModestMarill @SamStrake @XanozIchimonji That's A Big Oof,0.0,neutral
2020-01-10 19:08:39,1215712072840777728,RT @SamStrake: The Witcher- Toss a Coin To Your Witcher ft. Lil Jon https://t.co/uV6gkhDBHA,0.0,neutral
2020-01-10 19:07:34,1215711797618962433,@SamStrake @Larawithabird I am sure that in the next year I‚Äôll be shouting at streamers to get off my lawn,0.25,positive
2020-01-10 19:05:04,1215711170948149255,RT @SamStrake: The Witcher- Toss a Coin To Your Witcher ft. Lil Jon https://t.co/uV6gkhDBHA,0.0,neutral
2020-01-10 19:03:31,1215710778646548480,RT @SamStrake: The Witcher- Toss a Coin To Your Witcher ft. Lil Jon https://t.co/uV6gkhDBHA,0.0,neutral
2020-01-10 18:59:22,1215709735514714115,@SamStrake *while pooping,0.0,neutral
2020-01-10 18:59:01,1215709648533082112,@SamStrake @ashnichrist THANK YOU! I was having such a hard time putting it into words.,-0.14583333333333334,negative
2020-01-10 18:50:51,1215707591298277376,@SamStrake LOL I‚Äôve had that happen where I‚Äôm tagged in someone‚Äôs list of favorite streamers next to people who hate my guts.,0.125,positive
2020-01-10 18:38:10,1215704402855591936,@SamStrake LMFAO I CAN RELATE,0.0,neutral
2020-01-10 18:31:34,1215702740824838144,@SamStrake @XanozIchimonji (This is not a serious tweet I‚Äôm just being funny),0.20833333333333331,positive
2020-01-10 18:31:10,1215702638014189569,"@SamStrake @XanozIchimonji Literally would wipe out mine, and my gf's student loans. I'll do whatever PornHub wants for that money haha",0.2,positive
2020-01-10 18:29:55,1215702324410310657,"@SamStrake I had a thing back in WoW days where all my characters' names started with ""L"" and ended with ""A"".  I wa‚Ä¶ https://t.co/DaUluwK7Bj",0.05,positive
2020-01-10 18:29:39,1215702259574554624,@SamStrake @XanozIchimonji Ninja if he had to play with girls,0.0,neutral
2020-01-10 18:24:40,1215701002168492033,@SamStrake @seriouslyclara Damn you‚Äôre still mad about this? üòÇüòÇüòÇ,-0.625,negative
2020-01-10 18:18:19,1215699407389233153,@SamStrake 52 oz of that sweet brown nectar from the gas station next to work. Wish I could say I only drank one of‚Ä¶ https://t.co/zYDfW5p0RG,0.11666666666666665,positive
2020-01-10 18:17:48,1215699273683230731,RT @SamStrake: The Witcher- Toss a Coin To Your Witcher ft. Lil Jon https://t.co/uV6gkhDBHA,0.0,neutral
2020-01-10 18:15:10,1215698612736401408,"@SamStrake I‚Äôll take ‚ÄúSnapbacks you thought of hours later when you‚Äôre alone with your thoughts‚Äù for $100, Alex.",0.0,neutral
2020-01-10 18:14:17,1215698391612755971,@SamStrake Conversation with the wife?,0.0,neutral
2020-01-10 18:12:35,1215697964347293696,@SamStrake Things your wife said to you for $500,0.0,neutral
2020-01-10 18:07:09,1215696594533666816,"@Larawithabird @SamStrake In a nutshell: the leading research is its 25 for ‚Äòwomen‚Äô and 26 for ‚Äòmen‚Äô

(The ‚Äòquotes‚Äô‚Ä¶ https://t.co/SHZ4LsH16g",0.0,neutral
2020-01-10 18:00:14,1215694853004197889,RT @SamStrake: The Witcher- Toss a Coin To Your Witcher ft. Lil Jon https://t.co/uV6gkhDBHA,0.0,neutral
2020-01-10 18:00:04,1215694810662821895,"@SamStrake I mean I get that, but that's the difference between speaking to HR and speaking to dev. lol. I do wish‚Ä¶ https://t.co/4YPqDONL1O",0.24375000000000002,positive
2020-01-10 17:58:16,1215694359254925318,RT @SamStrake: The Witcher- Toss a Coin To Your Witcher ft. Lil Jon https://t.co/uV6gkhDBHA,0.0,neutral
2020-01-10 17:57:28,1215694156481343488,@RenjiPls @SamStrake @Larawithabird That too,0.0,neutral
2020-01-10 17:57:23,1215694135966851072,"@SamStrake If school taught me anything, its how to cram!!",0.0,neutral
2020-01-10 17:56:59,1215694036402692096,"@SamStrake As an Analyst of 6 years, when I‚Äôm asked ‚Äúdo you have experience in SQL that‚Äôs used in [insert reporting‚Ä¶ https://t.co/wbee19vq1E",0.0,neutral
2020-01-10 17:56:17,1215693858534674437,@SamStrake They didn‚Äôt ask if you have good experience either just experience in general. Lol,0.5166666666666667,positive
2020-01-10 17:55:50,1215693745250865152,"@SamStrake mmmm, not sure if satire, but hard disagree lol",0.0861111111111111,positive
2020-01-10 17:54:56,1215693519358189568,@Mav959 @SamStrake @Larawithabird I think back to all the stupid shit I've done as far as last week &amp; think the same thing hahaha,-0.09999999999999999,negative
2020-01-10 17:52:34,1215692924865957894,"@RenjiPls @SamStrake @Larawithabird I think back on all the stupid shit I did in my 20s and can't help but ask: ""wh‚Ä¶ https://t.co/LdwYGEZUPP",-0.3333333333333333,negative
2020-01-10 17:51:35,1215692679557910529,@SamStrake Toucan was a college nickname. 2can was taken,0.0,neutral
2020-01-10 17:39:24,1215689610589888512,@Mav959 @SamStrake @Larawithabird I'm also 28 but I definitely just feel like I'm getting too fucking old for the i‚Ä¶ https://t.co/WhdndcNXse,0.05,positive
2020-01-10 17:34:28,1215688369788870656,"@SamStrake @Larawithabird 100% this, though I'm 30...",0.0,neutral
2020-01-10 17:31:37,1215687652609077250,@SamStrake @Larawithabird I thought we were on the same level gonna go sulk in my room and listen to edgey tunes üò≠,0.0,neutral
2020-01-10 17:23:40,1215685652060176384,@SamStrake this is also for you.,0.0,neutral
2020-01-10 17:12:58,1215682960738832384,@SamStrake @BadCandyGaming @RealProblemedic,0.0,neutral
2020-01-10 17:03:48,1215680653192118273,@SamStrake @Larawithabird I‚Äôm over 40 and feel a disconnect from anyone 10+ years younger than me.,0.0,neutral
2020-01-10 16:50:09,1215677217415532547,RT @SamStrake: The Witcher- Toss a Coin To Your Witcher ft. Lil Jon https://t.co/uV6gkhDBHA,0.0,neutral
2020-01-10 16:47:46,1215676617663664128,@SamStrake I have to remind chat of this particular report option once in awhile. It's a matter of you can lose you‚Ä¶ https://t.co/8EhqfQoAxy,0.16666666666666666,positive
2020-01-10 16:25:21,1215670975670509569,RT @SamStrake: The Witcher- Toss a Coin To Your Witcher ft. Lil Jon https://t.co/uV6gkhDBHA,0.0,neutral
2020-01-10 16:12:42,1215667792306941952,@SamStrake I'm starting to do this more.,0.25,positive
2020-01-10 16:05:52,1215666071673491457,@SamStrake https://t.co/0JQ6dfJ6vd,0.0,neutral
2020-01-10 16:04:29,1215665723533598720,@SamStrake Does hitting ‚Äòretry‚Äô for an hour count?,0.0,neutral
2020-01-10 15:57:43,1215664022336557058,"@SamStrake its what gets me into trouble all the time. I get a thought,  try to capitalize on it, but I'm taking to‚Ä¶ https://t.co/7RHDPBsx2w",-0.2,negative
2020-01-10 15:57:06,1215663868917121024,@SamStrake As a streamer we are influencers wether we want to be or not. So while anyone who claims to do something‚Ä¶ https://t.co/EC35FFPNNC,0.0,neutral
2020-01-10 15:55:27,1215663452192231426,@SamStrake Type.... Delete... Type... Delete....,0.0,neutral
2020-01-10 15:46:29,1215661195883155457,@SamStrake Friend! https://t.co/atg1pqJyS1,0.0,neutral
2020-01-10 15:44:51,1215660785617309697,@SamStrake ... should I get rid of the space before or after the ampersand?,0.0,neutral
2020-01-10 15:44:48,1215660769754271744,RT @SamStrake: The Witcher- Toss a Coin To Your Witcher ft. Lil Jon https://t.co/uV6gkhDBHA,0.0,neutral
2020-01-10 15:42:39,1215660232510263296,"@SamStrake An...hour?

I mean I hardly waste a minute... probably why the quantity to quality ratio is WAY off!",-0.28125,negative
2020-01-10 15:42:33,1215660203686998016,@SamStrake How long did this take you?,-0.05,negative
2020-01-10 15:42:20,1215660150138331136,@SamStrake I just try to see what I can cut from it in order to fit the character limit but also retain the message‚Ä¶ https://t.co/pD3c6vPdMd,0.4,positive
2020-01-10 15:28:51,1215656757965574144,@SamStrake I guess it just reinforces the fact that they are different skillsets. People who can teach from experie‚Ä¶ https://t.co/uu9iTWQUu2,0.0,neutral
2020-01-10 15:22:38,1215655192642891776,"@SamStrake I agree with the coaching analogy, but some of the best teachers I've ever had were ones that worked in‚Ä¶ https://t.co/zshvUbsRFb",1.0,positive
2020-01-10 15:14:02,1215653030634409986,"@SamStrake Very much so.

People say all the time I should be a trainer.

My response: ""No, because while instructi‚Ä¶ https://t.co/M26LneWyyM",0.26,positive
2020-01-10 15:13:25,1215652874438397952,"@SamStrake Yeah I‚Äôm pretty sure the brain doesn‚Äôt fully develop til 25, yep",0.375,positive
2020-01-10 15:06:50,1215651216497225733,"@SamStrake How can there be?

I love Vince Lombardi as much as the next Packers fan, but you just have to appreciat‚Ä¶ https://t.co/VWD7bD1fln",0.2333333333333333,positive
