2020-01-12 21:47:26,1216476806720761857,"@Arky_TV @Twitch @TwitchSupport ik, my subs didn't have emotes for 2 weeks :( , i guess if i replace them again , ill do one at a time",463,0,0
2020-01-12 21:46:53,1216476666962247681,@applications_tv @TwitchSupport @AuthyHelp I'll try that out thanks bro,5,0,0
2020-01-12 21:42:49,1216475644697051136,@igtshapes @Twitch @TwitchSupport I know that the approval times are extended because of everyone changing their em‚Ä¶ https://t.co/sN81CCjCnt,404,0,1
2020-01-12 21:40:47,1216475134590115840,"@Arky_TV @Twitch @TwitchSupport idk, i remember before it was less than a day :) that was nice",463,0,2
2020-01-12 21:37:34,1216474324363857922,RT @schilloxtv93: FSK 18 // Naaa ihr zuckerschnutten :D Kommt rein und lauft. #GER #twitch #twitchsupport https://t.co/4WL8v0XIfP,1450,1,0
2020-01-12 21:32:17,1216472995763572738,"RT @AnibalToriyama: Al directo de @raven_railey noche de #karaoke
.
@twitchenlinea @twitchtvhost @TwitchHost @Twitch_RT @TwitchSharing @Twi‚Ä¶",2660,3,0
2020-01-12 21:31:56,1216472907502833666,FSK 18 // Naaa ihr zuckerschnutten :D Kommt rein und lauft. #GER #twitch #twitchsupport https://t.co/4WL8v0XIfP,52,1,3
2020-01-12 21:31:04,1216472690300637184,@igtshapes @Twitch @TwitchSupport It‚Äôs really irritating and not sure how they haven‚Äôt found a way to help speed th‚Ä¶ https://t.co/efYNaklXmX,404,0,1
2020-01-12 21:29:53,1216472389757952000,"@Arky_TV @Twitch @TwitchSupport ik, i waited 2 weeks for mine, now i want to change them again :D",463,0,2
2020-01-12 21:26:22,1216471507381235713,RT @Arky_TV: Maybe holiday emotes for my channel is not worth having as an affiliate. especially if I have to wait 2 weeks (still not appro‚Ä¶,519,1,0
2020-01-12 21:25:55,1216471393623134208,Maybe holiday emotes for my channel is not worth having as an affiliate. especially if I have to wait 2 weeks (stil‚Ä¶ https://t.co/r4dxaMfS7u,404,1,3
2020-01-12 21:25:54,1216471389131001858,"@Twitch @TwitchSupport @TwitterGaming

#TwitchSupport #AffiliateStatus

Followers goal 127/200‚Ä¶ https://t.co/Bnpvj7LhhM",581,0,1
2020-01-12 21:25:43,1216471341680996352,RT @laymcfly: Al canal de @MinatoFTN de Francia le pas√≥ exactamente lo mismo que al m√≠o. Fuimos hackeados por una mafia cibercriminal rusa.‚Ä¶,2,4,0
2020-01-12 21:25:31,1216471292515364865,"@TwitchSupport I need help asap, someone just botted my channel",113,0,1
2020-01-12 21:21:46,1216470349124132865,"@TwitchSupport Hey, I don't have my old phone number and 2FA cannot be disabled, I contacted AUTHY and they said yo‚Ä¶ https://t.co/zCfIV91QlE",60,0,0
2020-01-12 21:16:16,1216468961711312897,"@TwitchSupport why is there no way to delete the Englisch tag? Im from germany, so i dont want to stream/show up fo‚Ä¶ https://t.co/V2blSz32Fe",0,0,0
2020-01-12 21:09:35,1216467282244898816,@TwitchSupport why is my twitch account banned from chatting?,335,0,0
2020-01-12 21:03:34,1216465768331796481,"@TwitchSupport @Twitch do something about it please, even tho you ban simple himself in 5 min this shit can still b‚Ä¶ https://t.co/d3VVOSzRhF",174,0,0
2020-01-12 20:54:56,1216463593123860480,"RT @_ThingaMajiig_: ‚óè GOING LIVE IN 5 ‚óè

‚òÜDropping merch soon‚òÜ
https://t.co/y6jKhOnddf

üî¥ GOING LIVE üî¥
https://t.co/V4HS9N5IWx

‚úÖsponsored‚Ä¶",5510,1,0
2020-01-12 20:46:34,1216461489902706691,@KingKongor @TwitchSupport Agreed I enjoyed your streams!!! #freekingkongor,42,0,1
2020-01-12 20:44:55,1216461074284761088,"‚óè GOING LIVE IN 5 ‚óè

‚òÜDropping merch soon‚òÜ
https://t.co/y6jKhOnddf

üî¥ GOING LIVE üî¥
https://t.co/V4HS9N5IWx

‚úÖsponso‚Ä¶ https://t.co/cAr4K4pqUQ",828,1,7
2020-01-12 20:39:20,1216459670346399746,"Hey @Twitch @TwitchSupport , so comment mes √©motes ? Ca fais 2 semaines qu'elles sont en attente de validation",11,0,2
2020-01-12 20:38:12,1216459382411735040,Habe Probleme videos/vergangene Streams auf Twitch via Chromecast anzuschauen. Jede 10 Sekunden stoppt die Wiederga‚Ä¶ https://t.co/ZMQ1wsmG96,37,0,0
2020-01-12 20:30:01,1216457323583066113,"@TwitchSupport @Twitch this is getting REALLY annoying, this weekend I've had a 1-2 of these accounts come in durin‚Ä¶ https://t.co/vT2NiBainM",727,0,0
2020-01-12 20:28:46,1216457010251812865,@levifnbr @Str1kZe @AyeeTrain @DerekJoon @TwitchSupport Congrats where did you find the cure ?,283,0,0
2020-01-12 20:27:58,1216456809403252736,@TwitchSupport - Any plans on banning the blatant phishing streams found in the CS:GO category? They've been there‚Ä¶ https://t.co/XXbN4YoFAC,23,0,0
2020-01-12 20:27:23,1216456661197606912,@Str1kZe @AyeeTrain @DerekJoon @TwitchSupport I can see,28,0,0
2020-01-12 20:18:41,1216454471678615553,"@TheNeoltimate @TwitchSupport In the end I also really just dont enjoy the other platforms, it's not my home the wa‚Ä¶ https://t.co/RrxeA54ad7",1985,0,1
2020-01-12 20:15:56,1216453782365790208,@S_Vaicius @deh_cool @Balfezar @TheRosKid @Mxadz1 @EdgeLordVEVO @andymilonakis @RajjOfficial @Twitch @TwitchSupport‚Ä¶ https://t.co/1W32pMYwuY,25,0,0
2020-01-12 20:13:51,1216453258027438086,@TwitchSupport,2,0,0
2020-01-12 20:13:22,1216453133821411330,@TwitchSupport https://t.co/97Pgq1Yx12,28,0,0
2020-01-12 20:12:39,1216452955693551619,@TheNeoltimate @TwitchSupport Also mixer is having the same numbers that it had 3 years ago as beam... so that tells a lot sadly,1985,0,0
2020-01-12 20:11:56,1216452773270753286,"RT @KingKongor: @TheNeoltimate @TwitchSupport Twitch is the only proper stream platform, all those platforms like mixer dlive facebook and‚Ä¶",500,1,0
2020-01-12 20:11:49,1216452743507988481,"@TheNeoltimate @TwitchSupport Twitch is the only proper stream platform, all those platforms like mixer dlive faceb‚Ä¶ https://t.co/Y5i4MSLwrP",1985,1,0
2020-01-12 20:11:14,1216452596862521354,@R3trofiedTTV @TwitchSupport Have you emailed support@authy.com they can probably help you or ask them @AuthyHelp,3460,0,0
2020-01-12 20:11:08,1216452572950814726,@KingKongor @TwitchSupport @Twitch  @TwitchSupport,158,0,1
2020-01-12 20:10:20,1216452372391780352,@applications_tv @TwitchSupport @applications_tv I tried but it wants a code from the number for that too ü§£,5,0,0
2020-01-12 20:09:35,1216452181378981893,@DonHaci @CSGO @TwitchSupport @Twitch,39,0,0
2020-01-12 20:05:48,1216451231494832128,@R3trofiedTTV @TwitchSupport if you have a new number you can update it threw https://t.co/UgLRfrJCeu,3460,0,0
2020-01-12 20:05:45,1216451219339862019,@KingKongor @TwitchSupport I think that in 3 years you can build something as great as what you did on twitch but o‚Ä¶ https://t.co/QAqKXGWlJw,2,0,0
2020-01-12 20:04:03,1216450790572863490,@TwitchSupport I can't log into my account bc I have two factor authorization set up with a number I no longer have‚Ä¶ https://t.co/Dr3HO0YYzW,5,0,0
2020-01-12 19:59:13,1216449573008367618,"@TwitchSupport hi, my account email has just been changed along with Pw. I've sent the request to change but not re‚Ä¶ https://t.co/mKDqQTiLVA",42,0,0
2020-01-12 19:58:10,1216449310751064064,@biomilch_ @TwitchSupport Probleme mit dem Konto / der Anmeldung&gt; Anmelden&gt; Mein Konto wurde gehackt oder gestohlen‚Ä¶ https://t.co/Z646Gu9nyE,3460,0,0
2020-01-12 19:56:33,1216448901315792897,@biomilch_ @TwitchSupport Sie m√ºssen sie √ºber das Support-Ticket https://t.co/FigKQ6mh3A kontaktieren. Wenn Sie sic‚Ä¶ https://t.co/gzU4MnwDEA,3460,0,0
2020-01-12 19:54:52,1216448478718676992,@DrDev_47 @Twitch @TwitchSupport https://t.co/o0EzevkqVr,75,0,0
2020-01-12 19:41:52,1216445207257976832,@DerekJoon @ObiJai @TwitchSupport Yes sir,1113,0,0
2020-01-12 19:40:02,1216444746043994112,"@TwitchSupport So there isn‚Äôt a twitch username under the name Acey, so how could I go about getting the name?",332,0,0
2020-01-12 19:39:03,1216444498500296705,@ObiJai @TwitchSupport they do us men dirty king,1287,0,2
2020-01-12 19:39:02,1216444492410228736,@TwitchSupport how long does it take for a second emote to be approved? It‚Äôs been about a week &amp; most people have t‚Ä¶ https://t.co/diKskH5SKg,172,0,0
2020-01-12 19:38:33,1216444370733408256,@DerekJoon @TwitchSupport OH BUT I GET BANNED FOR DOING NOTHING WRONG?,5321,0,2
2020-01-12 19:37:12,1216444034278985730,RT @DerekJoon: EXCUSEEE ME LMFAOOOOOOOOOOOOOO WHATTTT THE FUCKKKK @TwitchSupport WE WILL BE SEEING YAAAA,713,1,0
2020-01-12 19:35:34,1216443622029217792,@AyeeTrain @DerekJoon @TwitchSupport She won‚Äôt cuz she‚Äôs got HUUUUUGEEEEEE personality.,1988,0,3
2020-01-12 19:27:55,1216441695467864067,RT @xchan2013x: @RockstarSupport @TwitchSupport @AmazonHelp I have claimed the previous twitch prime loot (arcade to load the diamond heist‚Ä¶,5486,1,0
2020-01-12 19:26:58,1216441459173404682,@RockstarSupport @TwitchSupport @AmazonHelp I have claimed the previous twitch prime loot (arcade to load the diamo‚Ä¶ https://t.co/NdvRSTrsdP,227,1,0
2020-01-12 19:26:49,1216441417826029568,@TwitchSupport aber auf die Idee in solchen Summen Bits auf Ihrer Plattform zu kaufen w√§re ich nicht gekommen. K√∂nn‚Ä¶ https://t.co/pXF3EcSpfs,16,0,0
2020-01-12 19:26:37,1216441369113321472,"@TwitchSupport Guten Abend! Mein TwitchAccount wurde gehackt und Bits im Wert von √ºber ‚Ç¨ 100,-- von meinem Account‚Ä¶ https://t.co/F3iAHoW1CN",16,0,0
2020-01-12 19:21:29,1216440075644354560,More than 2 weeks and my emotes are still pending..............why? @Twitch @TwitchSupport,149,0,0
2020-01-12 19:17:15,1216439010454839304,"RT @laymcfly: No s√© que voy a hacer, @YouTube @TeamYouTube me ignora completamente, y cada d√≠a que pasa mis ganas de seguir se apagan. Segu‚Ä¶",24,3,0
2020-01-12 19:15:48,1216438648536694786,"RT @Zoo_Asylum: Hey, @TwitchSupport

 I know there were holidays over the past few weeks.  But what is the turnaround time for emote approv‚Ä¶",83,2,0
2020-01-12 19:14:16,1216438260895010818,Hey @TwitchSupport I haven't heard anything from support after 3 weeks of waiting.,3,0,0
2020-01-12 19:11:19,1216437520147329024,@KMaddify @TwitchSupport Emote*,60,0,0
2020-01-12 19:11:07,1216437466699378689,@KMaddify @TwitchSupport twitch support is even more incompetent than 343. I've waited 3 weeks before for an emofe approval.,60,0,0
2020-01-12 19:09:57,1216437175887286274,@Halo3BestHalo @TwitchSupport Not for any of my others usually just a few days up to a week at the most,3722,0,0
2020-01-12 19:08:18,1216436761062187008,@QueenDalley @TwitchSupport You would need to open a support ticket via https://t.co/FigKQ6mh3A Under these steps t‚Ä¶ https://t.co/lZMXmUGfWQ,3460,0,0
2020-01-12 19:07:47,1216436631793819650,@KMaddify @TwitchSupport That's a regular wait time...,60,0,0
2020-01-12 19:07:36,1216436584800837632,@xMethy @TwitchSupport I'm assuming they don't manually review then right?,2467,0,0
2020-01-12 19:06:59,1216436427124289536,RT @laymcfly: Al canal de @MinatoFTN de Francia le pas√≥ exactamente lo mismo que al m√≠o. Fuimos hackeados por una mafia cibercriminal rusa.‚Ä¶,357,4,0
2020-01-12 19:05:03,1216435940094304256,"RT @Pestily: I think tomorrow i'm going to play full sweaty, oh and the new @Twitch Hype Train feature seems like a greedy scam, please jus‚Ä¶",158,48,0
2020-01-12 19:05:02,1216435937024057344,@LidarTV @TwitchSupport Threw this method so it goes to twitch moderation team https://t.co/MD2lAX0wNl,3460,0,0
2020-01-12 19:03:57,1216435666751565838,@Judoteki @TwitchSupport I just have to resubmit and it‚Äôll go through but it‚Äôs gonna take another chunk of time and I‚Äôm gonna suffer.,8391,0,1
2020-01-12 19:03:04,1216435442071089153,@AuthyHelp please help me as I no longer have the phone authy was hooked up to and I can no longer access my‚Ä¶ https://t.co/Sm2hi9uJuS,532,0,0
2020-01-12 19:01:27,1216435036502839298,@xMethy @TwitchSupport wut,2467,0,2
2020-01-12 19:01:05,1216434942567165953,@ISuPeRGH11 @Castro1021 @TwitchSupport Here a link that might help https://t.co/hgVbEoxzv3,3460,0,0
2020-01-12 18:57:26,1216434025285537792,@d3k4mFR @CaptainFR_ @Twitch @TwitchSupport Comprendra qui pourra,175,0,0
2020-01-12 18:46:06,1216431173754400768,@king_proxx @StartingGrid_ @TwitchSupport Wow that's gotten terrible.  Last time I submitted emotes it was around a‚Ä¶ https://t.co/R8xj2DBBqz,495,0,0
2020-01-12 18:45:41,1216431067961417729,"RT @CypSuddenstars3: twitch my follow fighting game pc xbox one and ps4 twitch follow each other time!

1. Retweet
2. Comment your twitch
3‚Ä¶",10,4,0
2020-01-12 18:45:28,1216431013452288000,"RT @CypSuddenstars3: let's 900 twitch follower!

1. Retweet
2. Comment your twitch
3. everyone follow
4. Follow us https://t.co/GEhIoc1qfd‚Ä¶",10,4,0
2020-01-12 18:31:02,1216427381377978369,@TwitchSupport I have changed phone number on twitch recently due to getting a new phone and now my 2Fa sms won't s‚Ä¶ https://t.co/vIRD8TAWQm,118,0,0
2020-01-12 18:29:46,1216427064003264517,@TwitchSupport hey I'll join twitch Prime a few days ago I have not received any of my benefits what's going on,16,0,0
2020-01-12 18:28:32,1216426750520913920,@TwitchSupport hello Twitch I recently emailed you guys about my account being hacked and I never got a response ba‚Ä¶ https://t.co/oMwT7ZGBpl,88,0,0
2020-01-12 18:26:50,1216426322949562368,@DerekJoon @TwitchSupport @Twitch,439,0,0
2020-01-12 18:25:56,1216426098118053889,@TwitchSupport I have 2fa enabled on my account but never setup authy properly and haven't been able to received an‚Ä¶ https://t.co/y3Mc0r6Rfl,10,0,0
2020-01-12 18:24:48,1216425813958168577,"@TwitchSupport I made 3 streams, two of them are saved, one (the most important) no. Can't find it in my list of video! Help!!",132,0,0
2020-01-12 18:20:06,1216424629482459136,@WadeLadyTTV @Twitch You might want to @TwitchSupport about that sort of thing wade. They‚Äôre more responsive with this kind of thing. üëçüèª‚ú®,233,0,0
2020-01-12 18:16:35,1216423744832528387,@DerekJoon @TwitchSupport @TwitchSupport  YOOOOO WHAT ??,749,0,2
2020-01-12 18:16:06,1216423623105314818,@DerekJoon @TwitchSupport come at my man derek wrong i‚Äôll pop those balloons you call tits üò§üòÇ,332,0,1
2020-01-12 18:14:11,1216423142920507392,"@TwitchSupport 
Excuse me, I don't understand. No where in the guidelines does it say I cannot have an emote with u‚Ä¶ https://t.co/cCQ8eoydBQ",28,0,0
2020-01-12 18:12:39,1216422755526152199,@AlinityTwitch @TwitchSupport  you coming?,73,0,0
2020-01-12 18:12:02,1216422600454352898,@Twitch @TwitchSupport really why?,261,0,0
2020-01-12 18:02:56,1216420307969495046,@DerekJoon @TwitchSupport @TwitchSupport get this bitch banned thanks,1113,0,1
2020-01-12 18:02:10,1216420115740229632,@JayAbundez @TwitchSupport ban,35,0,0
2020-01-12 18:00:55,1216419802006409230,EXCUSEEE ME LMFAOOOOOOOOOOOOOO WHATTTT THE FUCKKKK @TwitchSupport WE WILL BE SEEING YAAAA https://t.co/1MehXfWnuo,1287,1,22
2020-01-12 17:59:33,1216419459696513024,"RT @Ghost_Taxi_187: Ich bin live auf Twitch ‚Äì Schau mir zu unter https://t.co/kR4zWwaDXC #Ps4Pro #twitchstreamer 
@TwitchRetweetsU @Twitch_‚Ä¶",14501,1,0
2020-01-12 17:59:28,1216419437651398658,"Ich bin live auf Twitch ‚Äì Schau mir zu unter https://t.co/kR4zWwaDXC #Ps4Pro #twitchstreamer 
@TwitchRetweetsU‚Ä¶ https://t.co/33zIB397bH",438,1,4
2020-01-12 17:53:24,1216417911184687105,Something that's still an on going issue with Twitch is the amount of streamers that still continue to stream Trave‚Ä¶ https://t.co/kAPfSBb2tv,1,0,0
2020-01-12 17:37:06,1216413809398685699,@TwitchSupport Hi! There's really no way to disable a Localized Display name? :(,143,0,0
2020-01-12 17:30:48,1216412224987766785,@LanaBeeOfficial @GraysinAurora @2016vanz @Twitch @TwitchSupport @discordapp Is it gone?,4,0,0
2020-01-12 17:24:27,1216410625531879425,I have some interesting things in the works for the stream. I Have to first double check with TwitchSupport and the‚Ä¶ https://t.co/pDunhJ4aQq,374,0,0
2020-01-12 17:22:26,1216410118914527232,@CypSuddenstars3 @LaZy_RTs @TwitchSIE @TwitchSupport https://t.co/z2bEBq8TRc,310,0,0
2020-01-12 17:22:16,1216410075587321856,@CypSuddenstars3 @NioceRTs @LaZy_RTs @TwitchSIE @twitchtvhost @TwitchSupport https://t.co/z2bEBq8TRc,310,0,0
2020-01-12 17:21:44,1216409939901669379,@CypSuddenstars3 @LaZy_RTs @NioceRTs @twitchtvhost @TwitchSIE @TwitchSupport @TwitchSharing https://t.co/z2bEBq8TRc,310,0,0
2020-01-12 17:19:41,1216409423591170048,1 month plus for 1 Single emote to unlock?....Cmon..... @TwitchSupport @Twitch https://t.co/oJQtXo3Umg,8,0,0
2020-01-12 17:18:05,1216409022770941953,"@TwitchSupport Hello, If I watched a movie on stream, but my viewers couldn't hear or see the movie, and then once‚Ä¶ https://t.co/R8AE1WKnyL",374,0,0
2020-01-12 17:15:30,1216408372301484033,@Deleane26 @TwitchSupport Fick would be a other entry for The blacklist.,38,0,0
2020-01-12 17:14:27,1216408106558722051,"RT @Deleane26: @TwitchSupport can you pls put some sexism words in the twitch blacklist and ban all accounts with ""fotze"" and ""titten"" in t‚Ä¶",38,1,0
2020-01-12 17:10:44,1216407172155891714,"@TwitchSupport can you pls put some sexism words in the twitch blacklist and ban all accounts with ""fotze"" and ""titten"" in their names ? üò°",93,1,1
2020-01-12 17:01:02,1216404730345349120,"RT @Handsome_Stalin: @TwitchSupport @Twitch @AmazonHelp (9/9) There are still tons active accounts with the words ""Handsome"" and ""Stalin"" i‚Ä¶",5486,1,0
2020-01-12 17:00:08,1216404506524692480,RT @Handsome_Stalin: @TwitchSupport @Twitch @AmazonHelp (8/9) Why does #Twitch think that with more streaming platforms popping up such as‚Ä¶,5486,1,0
2020-01-12 16:59:24,1216404320947777537,RT @Handsome_Stalin: @TwitchSupport @Twitch @AmazonHelp (7/9) Why does #Twitch think it's OK to deny me access to the revenue I rightfully‚Ä¶,5486,1,0
2020-01-12 16:58:25,1216404072133283840,RT @Handsome_Stalin: @TwitchSupport @Twitch @AmazonHelp (6/9) Why does #Twitch issue an indefinite ban without any warning on an account wi‚Ä¶,5486,1,0
2020-01-12 16:57:33,1216403856935882752,RT @Handsome_Stalin: @TwitchSupport @Twitch @AmazonHelp (5/9) If you can unban and allow @c0ff33wh0re to change his name why not me? Is it‚Ä¶,5486,1,0
2020-01-12 16:56:38,1216403626635059200,@Twitch @twitchsupport 13 days now without access to my account. All you have to do is remove my sms verification a‚Ä¶ https://t.co/YErkSLEXvG,41,0,2
2020-01-12 16:56:29,1216403587099742208,RT @Handsome_Stalin: @TwitchSupport @Twitch @AmazonHelp (4/9) My account has never had any strike or suspension before this and I have inte‚Ä¶,5486,1,0
2020-01-12 16:55:50,1216403423006019594,Dear @Twitch @TwitchSupport ive updated my emots on the 3d on january 2020 and its still pending .ive just upload n‚Ä¶ https://t.co/gsLINg6vgq,8096,0,5
2020-01-12 16:55:22,1216403304881819649,RT @Handsome_Stalin: @TwitchSupport @Twitch @AmazonHelp (3/9) I've used this name on @Twitch for years and spent hundreds of dollars on sub‚Ä¶,5486,1,0
2020-01-12 16:54:17,1216403035217387522,"RT @Handsome_Stalin: @TwitchSupport @Twitch @AmazonHelp (2/9) My account was indefinitely banned on 8/1/2019 for ""An inappropriate username‚Ä¶",5486,1,0
2020-01-12 16:54:08,1216402994218045447,RT @Icya1pha_: @TwitchSupport why did i get banned can i have some explanation instead of just suspending right away,46,1,0
2020-01-12 16:53:51,1216402923955064832,@TwitchSupport why did i get banned can i have some explanation instead of just suspending right away,46,1,2
2020-01-12 16:53:49,1216402916891906050,"@TwitchSupport @Twitch @AmazonHelp (9/9) There are still tons active accounts with the words ""Handsome"" and ""Stalin‚Ä¶ https://t.co/ax1pWyhYIC",3,1,0
2020-01-12 16:53:45,1216402898726400001,@TwitchSupport @Twitch @AmazonHelp (8/9) Why does #Twitch think that with more streaming platforms popping up such‚Ä¶ https://t.co/kYSlSzsfDG,3,1,1
2020-01-12 16:53:42,1216402885656940551,@CypSuddenstars3 @LaZy_RTs @NioceRTs @twitchtvhost @TwitchSIE @TwitchSupport @TwitchSharing My Goals For 2020 | HAP‚Ä¶ https://t.co/pdgbv2zBIe,421,0,0
2020-01-12 16:53:36,1216402859820036101,@TwitchSupport @Twitch @AmazonHelp (7/9) Why does #Twitch think it's OK to deny me access to the revenue I rightful‚Ä¶ https://t.co/439gok90D5,3,1,0
2020-01-12 16:53:34,1216402853847281667,RT @Handsome_Stalin: @TwitchSupport @Twitch @AmazonHelp (1/9) These are automated tweets because #Twitch customer support is so shit and @A‚Ä¶,5486,1,0
2020-01-12 16:53:32,1216402845722927105,@CypSuddenstars3 @LaZy_RTs @NioceRTs @TwitchSIE @twitchtvhost @TwitchSupport My Goals For 2020 | HAPPY NEW YEAR! https://t.co/ob6UfaUeS3,421,0,0
2020-01-12 16:53:27,1216402824554336256,@TwitchSupport @Twitch @AmazonHelp (6/9) Why does #Twitch issue an indefinite ban without any warning on an account‚Ä¶ https://t.co/Mznm8kjDmq,3,1,0
2020-01-12 16:53:17,1216402780207943682,@TwitchSupport @Twitch @AmazonHelp (4/9) My account has never had any strike or suspension before this and I have i‚Ä¶ https://t.co/17GKMJjAHX,3,1,0
2020-01-12 16:53:15,1216402774348484609,@CypSuddenstars3 @LaZy_RTs @TwitchSIE @TwitchSupport My Goals For 2020 | HAPPY NEW YEAR! https://t.co/ob6UfaUeS3,421,0,0
2020-01-12 16:53:13,1216402766291243008,@TwitchSupport @Twitch @AmazonHelp (3/9) I've used this name on @Twitch for years and spent hundreds of dollars on‚Ä¶ https://t.co/CQzcpMAs0z,3,1,0
2020-01-12 16:53:11,1216402756703006721,"@TwitchSupport @Twitch @AmazonHelp (2/9) My account was indefinitely banned on 8/1/2019 for ""An inappropriate usern‚Ä¶ https://t.co/oe51SukFiN",3,1,0
2020-01-12 16:53:03,1216402722318102530,@TwitchSupport @Twitch @AmazonHelp (1/9) These are automated tweets because #Twitch customer support is so shit and‚Ä¶ https://t.co/qhBm2kVc3b,3,1,0
2020-01-12 16:48:23,1216401548835729409,"@rsmokinjoe @TwitchSupport @sprint Ya, that's horrible",170,0,0
2020-01-12 16:42:47,1216400138547032064,"@LinkSlug @LaZy_RTs @NioceRTs @twitchtvhost @TwitchSIE @TwitchSupport @TwitchSharing just follow dude!
i'm pc xbox‚Ä¶ https://t.co/xn3SRpY8B7",2913,0,1
2020-01-12 16:41:30,1216399814721724416,"@TwitchSupport my affiliate process has been stuck on step 4, payout information under review and this is my second‚Ä¶ https://t.co/y1TB3KhhkH",2062,0,0
2020-01-12 16:38:04,1216398951047364608,RT @TMTzTrill: @TwitchSupport  this has been going on for a month now ive banned at least 50 accounts now they are coming at me cause they‚Ä¶,1516,2,0
2020-01-12 16:37:17,1216398755110563843,@xmalone9 @TwitchSupport Got it boss üòÅü§ù,1038,0,0
2020-01-12 16:35:28,1216398300124995584,@TwitchSupport has anyone else noticed Neverwinters twitch prime rewards are gone i cant find them anywhere on twitch prime,2,0,0
2020-01-12 16:35:18,1216398257296957440,"@TheRealLithouse @TMTzTrill @TwitchSupport I'm not going to just simply ban them, I'm going to troll them",119,0,2
2020-01-12 16:34:35,1216398073666195457,"@TwitchSupport The specific account might be deleted. i have sent an email regarding this, but would like to contac‚Ä¶ https://t.co/Wn62qOL4lA",7,0,0
2020-01-12 16:31:58,1216397417127579648,I have been trying to sub for months and i haven‚Äôt figured it out yet help! @Castro1021 @TwitchSupport https://t.co/wrIAockPaw,43,0,0
2020-01-12 16:26:06,1216395940996833290,@BrazilianBobby9 @TwitchSupport,755,0,1
2020-01-12 16:24:33,1216395549135368194,@TMTzTrill @CupexQt1 @TwitchSupport Because twitch makes money off of views. It's that simple. games make money off‚Ä¶ https://t.co/fuQ346gK9u,1776,0,4
2020-01-12 16:23:20,1216395245669105665,@_Tavz @CupexQt1 @TheRealLithouse @TwitchSupport I guess on a high note they all followed so my follower count is n‚Ä¶ https://t.co/NmV19h9hUB,144,0,2
2020-01-12 16:23:15,1216395225255510016,"RT @HZ_kroh: THSI GUY IS A SCAMMER WATCH OUT @TwitchSupport (OPEN) Boxfight 1v1/2v2 wagers $3-$5  !wager
 https://t.co/fP5jtHL8zO",262,1,0
2020-01-12 16:22:37,1216395063686643712,@TheRealLithouse @CupexQt1 @TwitchSupport Yeah I think I have 8 or 9 tbh and they killed it but why should a commun‚Ä¶ https://t.co/TlVBI7Tr5g,144,0,1
2020-01-12 16:21:27,1216394768848244736,"@TwitchSupport Hey twitch, longtime user here since 2013. i have a question to make, there is this twitch account w‚Ä¶ https://t.co/V2uAPLVVas",7,0,0
2020-01-12 16:21:23,1216394755367718914,@TMTzTrill @CupexQt1 @TheRealLithouse @TwitchSupport Because some people are so dumb they shit on other people,58,0,1
2020-01-12 16:20:39,1216394570805592064,@TMTzTrill @CupexQt1 @TwitchSupport I only have 8. ü§∑‚Äç‚ôÇÔ∏èa good sword swinger will swing befor you even see what's go‚Ä¶ https://t.co/je2SH4BJUe,1776,0,1
2020-01-12 16:20:36,1216394558252048389,@_Tavz @CupexQt1 @TheRealLithouse @TwitchSupport üòÇüòÇüòÇ true üíÄ I just don't get it in a loving stoner bro why troll me üòÇ,144,0,2
2020-01-12 16:19:19,1216394235781492741,@Cokeazy @TwitchSupport Always give at least two weeks,146362,0,0
2020-01-12 16:19:04,1216394171252199424,RT @TMTzTrill: @TwitchSupport  this has been going on for a month now ive banned at least 50 accounts now they are coming at me cause they‚Ä¶,58,2,0
2020-01-12 16:18:57,1216394143192297473,"@TMTzTrill @CupexQt1 @TheRealLithouse @TwitchSupport üòÇ Except me!üò°
JkJk
I‚Äôm VIP",58,0,1
2020-01-12 16:18:19,1216393980755075073,@CupexQt1 @TheRealLithouse @TwitchSupport Literally have 100 mods. . .,144,0,1
2020-01-12 16:18:04,1216393918209650688,@CupexQt1 @TheRealLithouse @TwitchSupport I thought you were modded tbh üíÄ,144,0,3
2020-01-12 16:17:54,1216393876828835846,@TwitchSupport Scam me and @HZ_HYTOPIE for 10 us yesterday when we won 5/3 first set then he wanted to double on us‚Ä¶ https://t.co/WRzYYEbqRl,46,0,0
2020-01-12 16:17:39,1216393813180256257,@TwitchSupport How long do affiliates normally have to wait for their emotes to be approved? Ive been waiting 2 wee‚Ä¶ https://t.co/FKwDWmQPYy,176,0,0
2020-01-12 16:17:36,1216393802862211072,@CupexQt1 @TMTzTrill @TheRealLithouse @TwitchSupport I wanna see toxic Cupex then if they in there üòÇ,58,0,2
2020-01-12 16:16:56,1216393632602906624,"@TMTzTrill @TheRealLithouse @TwitchSupport Mod me in your stream next time your stream, ignore them and leave it to‚Ä¶ https://t.co/tl07xzTXQa",119,0,3
2020-01-12 16:15:42,1216393325390905345,@TMTzTrill @CupexQt1 @TwitchSupport Twitch hasn't helped with this kind of stuff in awhile. They are obviously in t‚Ä¶ https://t.co/hEy4pwc7He,1776,0,3
2020-01-12 16:15:01,1216393150572515330,"THSI GUY IS A SCAMMER WATCH OUT @TwitchSupport (OPEN) Boxfight 1v1/2v2 wagers $3-$5  !wager
 https://t.co/fP5jtHL8zO",46,1,2
2020-01-12 16:14:51,1216393108046245896,@TheRealLithouse @CupexQt1 @TwitchSupport Exactly try to not let it but after a month and no help whatsoever I'm so‚Ä¶ https://t.co/J2IP7xZNxV,144,0,3
2020-01-12 16:13:48,1216392844576821249,@TMTzTrill @CupexQt1 @TwitchSupport On a real note dont let these people win. They win when your upset. Super sorry‚Ä¶ https://t.co/NNZjBLdLMW,1776,0,3
2020-01-12 16:12:31,1216392520764219392,RT @TMTzTrill: @TheRealLithouse @CupexQt1 @TwitchSupport Could be lmao üòÇ guess that's it then time to become a just chatting streamer,3988,1,0
2020-01-12 16:12:00,1216392392724533249,@TheRealLithouse @CupexQt1 @TwitchSupport Could be lmao üòÇ guess that's it then time to become a just chatting streamer,144,1,2
2020-01-12 16:10:40,1216392058912460801,@TMTzTrill @CupexQt1 @TwitchSupport @TwitchSupport they are to busy dealing with the ban alinity spam from 6 months ago üòÇ,1776,0,2
2020-01-12 16:09:15,1216391701993910274,@garliclover123 @TwitchSupport Appreciate it fam ‚ù§Ô∏è,144,0,1
2020-01-12 16:08:48,1216391586466037760,@CupexQt1 @TwitchSupport Bahahhaha üòÇüòÇ need to find the twitch chat logs cause alot of stuff I didn't even read I wa‚Ä¶ https://t.co/x52PklHypp,144,0,2
2020-01-12 16:08:38,1216391543172497409,@TMTzTrill @TwitchSupport Tell me what time you stream today if you do I‚Äôll come in and make sure it doesn‚Äôt ruin your night,282,0,1
2020-01-12 16:08:09,1216391423932731393,@TwitchSupport I use this account everyday and have many things linked to it. Please help.,25,0,0
2020-01-12 16:07:37,1216391290301992960,@garliclover123 @TwitchSupport Exactly and I've been nothing but an adult about it never stepping down and talking.‚Ä¶ https://t.co/wtsgxHph5Z,144,0,0
2020-01-12 16:07:14,1216391194290376705,@TMTzTrill @TwitchSupport Or yeet a cat Kappa,119,0,2
2020-01-12 16:06:41,1216391055530065922,@TwitchSupport What is the proper method to report solicitation of a follower bot service and the services they are offering?,8,0,0
2020-01-12 16:05:59,1216390879834886144,@CupexQt1 @TwitchSupport No message from them or anything and had like 5 people in chat who reported them for harra‚Ä¶ https://t.co/HchwsM6rhw,144,0,2
2020-01-12 16:04:29,1216390500665573376,@garliclover123 @TwitchSupport Personal stuff and boom now I got accounts named trillsdadsdead coming in trolling s‚Ä¶ https://t.co/tb5ddsdnoY,144,0,0
2020-01-12 16:03:31,1216390258830368768,@garliclover123 @TwitchSupport They came in my stream when I was playing GTA online and asked to join me then start‚Ä¶ https://t.co/vJueuaMtwW,144,0,0
2020-01-12 16:03:27,1216390238785998848,@TMTzTrill @TwitchSupport @TwitchSupport Is this really how you deal with complaints?,119,0,2
2020-01-12 16:02:05,1216389897176535040,@CupexQt1 @TwitchSupport Bruh it's been a straight month of almost everyday at least 10 accounts,144,0,2
2020-01-12 16:01:19,1216389701856374786,@TMTzTrill @TwitchSupport Do you even know them I‚Äôm sure you aren‚Äôt just going around telling people personal information?,282,0,0
2020-01-12 16:00:28,1216389488735215616,@garliclover123 @TwitchSupport True probably have to put my shit in follower only mode for 10 mins aswell its hones‚Ä¶ https://t.co/fE724wS2Gu,144,0,1
2020-01-12 15:45:47,1216385795499745280,@CypSuddenstars3 @NioceRTs @LaZy_RTs @TwitchSIE @twitchtvhost @TwitchSupport https://t.co/yh3YxtdjPh,310,0,0
2020-01-12 15:44:26,1216385456327348225,@CypSuddenstars3 @LaZy_RTs @NioceRTs @twitchtvhost @TwitchSIE @TwitchSupport @TwitchSharing https://t.co/yh3YxtdjPh,310,0,1
2020-01-12 15:39:43,1216384268550725635,"On the 25th day of Christmas @TwitchSupport gave to me....

Worse customer service than @Sprint (Didn't think that was possible)",230,0,1
2020-01-12 15:37:25,1216383688197509121,@Legiitwyd @TwitchSupport 21 days for me,1551,0,0
2020-01-12 15:28:57,1216381558590005248,@TwitchSupport My Twitch account was hacked yesterday. The email reversion I received keeps failing and they‚Äôve cha‚Ä¶ https://t.co/WFBSPOGHJl,25,0,0
2020-01-12 15:26:23,1216380914693001217,@OtnaxI3 @CaptainFR_ @Twitch @TwitchSupport De quoi tu parle,3,0,0
2020-01-12 15:18:00,1216378802374422529,"RT @CypSuddenstars3: let's 900 twitch follower!

1. Retweet
2. Comment your twitch
3. everyone follow
4. Follow us https://t.co/GEhIoc1qfd‚Ä¶",15615,4,0
2020-01-12 15:17:34,1216378692387201025,RT @vinisinnocent: hey @TwitchSupport read 1 of the 6 emails I sent and unban me please u fucking retards,57,1,0
2020-01-12 15:17:00,1216378551039090694,hey @TwitchSupport read 1 of the 6 emails I sent and unban me please u fucking retards,944,1,1
2020-01-12 15:12:26,1216377402114355200,"@Adorabell1Sue @TwitchSupport Thanks. I looked through the options on betterttv and I didn't find anything. Also, I‚Ä¶ https://t.co/W7IZ7EKJyH",5,0,0
2020-01-12 15:09:28,1216376654576214017,"RT @CypSuddenstars3: let's 900 twitch follower!

1. Retweet
2. Comment your twitch
3. everyone follow
4. Follow us https://t.co/GEhIoc1qfd‚Ä¶",14167,4,0
2020-01-12 15:08:17,1216376357602676736,@TwitchSupport Having issues with streaming and constantly losing connection with your servers. https://t.co/b5dmRfdLuK,85,0,0
2020-01-12 15:05:18,1216375605815463939,@TwitchSupport Can you please review the top channels on twitch right now? There are currently a large amount of sc‚Ä¶ https://t.co/hGjTILlwI9,163,0,0
2020-01-12 15:01:05,1216374546779066368,"please REPORT the following @Twitch accounts for impersonating me... RT appreciated, thanks. @TwitchSupport

game_r‚Ä¶ https://t.co/2rEXyZYKWp",171,0,0
2020-01-12 14:54:00,1216372764300513280,"@TwitchSupport Having an emergency. My stream from overnight was for a large charity event, but was apparently dele‚Ä¶ https://t.co/U5aRoEamur",236,0,0
2020-01-12 14:50:38,1216371917478752256,@AsheyJ2014 @LaZy_RTs @NioceRTs @TwitchSIE @twitchtvhost @TwitchSupport thank you! twitch &amp; twitter follow!,2913,0,0
2020-01-12 14:48:56,1216371489961889795,@CypSuddenstars3 @LaZy_RTs @NioceRTs @TwitchSIE @twitchtvhost @TwitchSupport Followed both your twitter and twitch,212,0,1
2020-01-12 14:48:31,1216371381736222721,"RT @Arrononeill: Hi @Twitch @TwitchSupport, as a twitch user I think this is fucking horrific and I'm sure every other user of your site wo‚Ä¶",2351,2,0
2020-01-12 14:47:50,1216371211971596291,@AsheyJ2014 @LaZy_RTs @NioceRTs @TwitchSIE @twitchtvhost @TwitchSupport followed twitter!,2913,0,1
2020-01-12 14:46:57,1216370989983862784,@AsheyJ2014 @LaZy_RTs @NioceRTs @TwitchSIE @twitchtvhost @TwitchSupport ok! Twitter follow bro!,2913,0,1
2020-01-12 14:45:42,1216370674681438209,"RT @Scratticus_: Let's Talk about the new @Twitch Feature Hype Trains!!

Just a teaser! Find out more at @TwitchSupport!

These are now Act‚Ä¶",6209,5,0
2020-01-12 14:44:30,1216370370850238464,"RT @Scratticus_: Let's Talk about the new @Twitch Feature Hype Trains!!

Just a teaser! Find out more at @TwitchSupport!

These are now Act‚Ä¶",516,5,0
2020-01-12 14:44:24,1216370349253595136,"RT @CypSuddenstars3: let's 900 twitch follower!

1. Retweet
2. Comment your twitch
3. everyone follow
4. Follow us https://t.co/GEhIoc1qfd‚Ä¶",2913,4,0
2020-01-12 14:44:17,1216370317817335808,"let's 900 twitch follower!

1. Retweet
2. Comment your twitch
3. everyone follow
4. Follow us‚Ä¶ https://t.co/NR9iD9knif",2913,4,2
2020-01-12 14:40:48,1216369441166053377,@CypSuddenstars3 @LaZy_RTs @NioceRTs @TwitchSIE @twitchtvhost @TwitchSupport Followed your twitch bro hit me with t‚Ä¶ https://t.co/JFoxLUC9cC,212,0,1
2020-01-12 14:40:12,1216369289546084352,"Hi @Twitch @TwitchSupport, as a twitch user I think this is fucking horrific and I'm sure every other user of your‚Ä¶ https://t.co/czgnLJmvvs",206,2,1
2020-01-12 14:40:00,1216369238065078272,"@LinkSlug @NioceRTs @LaZy_RTs @TwitchSIE @twitchtvhost @TwitchSupport just to follow!
i'm PS4 pro gamer user!
mostl‚Ä¶ https://t.co/Qehe4NGZYe",2913,0,1
2020-01-12 14:38:39,1216368902038413313,"@AsheyJ2014 @LaZy_RTs @NioceRTs @TwitchSIE @twitchtvhost @TwitchSupport just follow bro! i'm pc xbox one gamer!
mos‚Ä¶ https://t.co/f6OxuCWRUx",2913,0,1
2020-01-12 14:38:08,1216368768978509824,@Froudini_ @TwitchSupport you are better off asking https://t.co/2IAhiQ92BK,583,0,0
2020-01-12 14:37:03,1216368498714300417,@TwitchSupport How you gonna leave this face on Pending FOR OVER 2 WEEKS.... SERIOUSLY https://t.co/cy2AOLSuL0,110,0,2
2020-01-12 14:36:21,1216368319432884226,"*pokes @TwitchSupport with a stick*

the full story is told in nested tweets

sorry https://t.co/ErOUBmYri8",2181,0,0
2020-01-12 14:30:27,1216366835672719360,RT @laymcfly: Al canal de @MinatoFTN de Francia le pas√≥ exactamente lo mismo que al m√≠o. Fuimos hackeados por una mafia cibercriminal rusa.‚Ä¶,105,4,0
2020-01-12 14:28:38,1216366379902828547,"@TwitchSupport hello, can you help me with my account please. Someone has hacked my account &amp; changed my email &amp; I can‚Äôt login",911,0,0
2020-01-12 14:28:28,1216366338685448193,"RT @laymcfly: No s√© que voy a hacer, @YouTube @TeamYouTube me ignora completamente, y cada d√≠a que pasa mis ganas de seguir se apagan. Segu‚Ä¶",105,3,0
2020-01-12 14:27:38,1216366129347809282,RT @KingKongor: All I want to do is stream games like #pathofexile #WoW #Diablo and any kind of hack n slash title the universe throws at m‚Ä¶,7,1,0
2020-01-12 14:07:50,1216361146560565251,@Cobbo_RL @BullitOCE @TwitchSupport ü§ì,146,0,0
2020-01-12 14:05:15,1216360495336304647,@CypSuddenstars3 @NioceRTs @LaZy_RTs @TwitchSIE @twitchtvhost @TwitchSupport https://t.co/lUprHxqmPw,310,0,1
2020-01-12 14:04:34,1216360323478888448,@Twitch @TwitchSupport Yeah... Since people worth getting banned are not. Can you at least focus on your website? T‚Ä¶ https://t.co/0U9J04dPiN,0,0,0
2020-01-12 14:04:29,1216360300267692032,"RT @CypSuddenstars3: twitch my follow fighting game pc xbox one and ps4 twitch follow each other time!

1. Retweet
2. Comment your twitch
3‚Ä¶",14167,4,0
2020-01-12 13:57:29,1216358540274819072,@KingKongor @TwitchSupport Try to make an article call the magazines some of that,78,0,0
2020-01-12 13:50:51,1216356870195118080,"@TwitchSupport Hey. Is there any way to remove the ""Community Gift Chest"" pop-up that is partially blocking the cha‚Ä¶ https://t.co/DjY6mUbTMM",5,0,0
2020-01-12 13:46:30,1216355775137763328,@Sour_RL @BullitOCE @TwitchSupport huhhhh,436,0,1
2020-01-12 13:38:05,1216353659170312192,i can desing a logo for you just hit me up #TwitchSupport #twitchaffiliate #twitchstreamer,5,0,0
2020-01-12 13:27:06,1216350895413321731,@GordonRamsay @MASTERCHEFonFOX @MasterChefUK You guys need to clamp down on people illegally streaming your show LI‚Ä¶ https://t.co/Tt5AtPDF4b,0,0,0
2020-01-12 13:26:12,1216350666937061379,@CypSuddenstars3 @LaZy_RTs @NioceRTs @TwitchSIE @twitchtvhost @TwitchSupport https://t.co/0nhET1FkhD,212,0,1
2020-01-12 13:21:56,1216349594562519041,@BostonMerc @Twitch @TwitchSupport I have the same feeling about not being able to get CharlieCheeseburgers.... che‚Ä¶ https://t.co/AZxYRURcYz,129,0,0
2020-01-12 13:19:42,1216349032840339456,"@TwitchSupport Hi, I got a problem with my emotes, I have upload them but they are not aviable to see them or use it, can you help me?",501,0,0
2020-01-12 13:18:18,1216348677457039360,"RT @CypSuddenstars3: twitch my follow fighting game pc xbox one and ps4 twitch follow each other time!

1. Retweet
2. Comment your twitch
3‚Ä¶",15615,4,0
2020-01-12 13:17:22,1216348445331427328,"RT @CypSuddenstars3: twitch my follow fighting game pc xbox one and ps4 twitch follow each other time!

1. Retweet
2. Comment your twitch
3‚Ä¶",2913,4,0
2020-01-12 13:17:15,1216348414851465216,"twitch my follow fighting game pc xbox one and ps4 twitch follow each other time!

1. Retweet
2. Comment your twitc‚Ä¶ https://t.co/QTJtrcTGUp",2913,4,2
2020-01-12 13:13:58,1216347589081280512,@TwitchSupport I really need somebody to help me get my twitch account back that can actually change my email back‚Ä¶ https://t.co/Tc7S0ZoQjB,1752,0,0
2020-01-12 13:13:03,1216347357777944576,"@KingKongor @TwitchSupport ""130k people are waiting for me"" remove the 0 and the K at the end of that number mate https://t.co/XJcGkz3uUo",19,0,3
2020-01-12 13:12:57,1216347333400518657,@KingKongor @TwitchSupport enjoying the irl streams https://t.co/PPNkCmT3Fn,41,0,0
2020-01-12 13:11:05,1216346864271806465,@LinkSlug @LaZy_RTs @TwitchSIE @TwitchSupport just follow! dude! i'm weekend dead or alive 5 lastround PC xbox one‚Ä¶ https://t.co/NGgfsnDoQ3,2913,0,1
2020-01-12 13:01:16,1216344394560954369,"@TwitchSupport @Twitch 
.
Why is it that every time I open minecraft within the Twitch app, I have to constantly re‚Ä¶ https://t.co/R2dk3mulrz",179,0,0
2020-01-12 12:49:27,1216341418190331904,@KingKongor @TwitchSupport It's not happening. The punishment fit the crime.,495,0,0
2020-01-12 12:45:06,1216340325783961601,"@TwitchSupport please accept my emotes, I cannot wait üò≠ https://t.co/kR40NNgmBq",72,0,0
2020-01-12 12:41:54,1216339517914746880,You‚Äôre honestly disgusting @ItsClovers @Twitch @TwitchSupport  idk how this kid is even partnered https://t.co/xnJRuESWAW,0,0,0
2020-01-12 12:39:44,1216338972647051265,@TwitchSupport is there a way to select bits leaderboard to appear as default at the top of chat on my channel? My‚Ä¶ https://t.co/X4V1kWiwKR,1446,0,0
2020-01-12 12:39:01,1216338792690388993,@SuccuBiWaifu @LanaBeeOfficial @2016vanz @Twitch @TwitchSupport @discordapp Evidently she was baiting them when she said that.,50,0,0
2020-01-12 12:33:33,1216337416820346880,@KingKongor @TwitchSupport It‚Äôs not happening bro.,5,0,2
2020-01-12 12:33:14,1216337338944626689,@CypSuddenstars3 @LaZy_RTs @TwitchSIE @TwitchSupport https://t.co/1Z6qtKIIk0,310,0,1
2020-01-12 12:32:05,1216337048501727232,@TwitchSupport https://t.co/mfjJAYzKwY,67,0,0
2020-01-12 12:18:09,1216333540641689600,"RT @CypSuddenstars3: fighting all star player pc xbox one gamer!üéÆ
my channel twitch follow each order time!

1. Retweet
2. Comment your twi‚Ä¶",15615,4,0
2020-01-12 12:15:37,1216332903312850946,@TwitchSupport need help my stream wont stream with sound on ur website all of a sudden need assistance asap,498,0,0
2020-01-12 12:13:09,1216332285433335809,Anyone else having a problem with viewing @twitch at 900p 60fps? Im getting this line across peoples cams but not t‚Ä¶ https://t.co/CiGY0s0lAW,466,0,0
2020-01-12 12:12:18,1216332067962867713,@SteveChopz At this point sadly you as the channel owner is the only one who can choose to have a hype train or not‚Ä¶ https://t.co/lBE7IGxZ78,445,0,1
2020-01-12 12:04:24,1216330080739262465,"RT @CypSuddenstars3: fighting all star player pc xbox one gamer!üéÆ
my channel twitch follow each order time!

1. Retweet
2. Comment your twi‚Ä¶",14167,4,0
2020-01-12 12:00:56,1216329208001024000,"RT @CypSuddenstars3: fighting all star player pc xbox one gamer!üéÆ
my channel twitch follow each order time!

1. Retweet
2. Comment your twi‚Ä¶",2913,4,0
2020-01-12 12:00:48,1216329177793613824,"fighting all star player pc xbox one gamer!üéÆ
my channel twitch follow each order time!

1. Retweet
2. Comment your‚Ä¶ https://t.co/gQWvTlmXWY",2913,4,3
2020-01-12 11:53:41,1216327385269841920,@KingKongor @TwitchSupport @Twitch @TwitchSupport #freekingkongor,14,0,2
2020-01-12 11:52:47,1216327159037427715,Al canal de @MinatoFTN de Francia le pas√≥ exactamente lo mismo que al m√≠o. Fuimos hackeados por una mafia cibercrim‚Ä¶ https://t.co/uWLHh0uINn,1078,4,7
2020-01-12 11:46:10,1216325493773021184,@TwitchSupport can you please Approve my emote,259,0,0
2020-01-12 11:45:05,1216325218731483137,@TeamYouTube desde 2013 se dedica todos los d√≠as del a√±o a demostrar el odio que le tiene a sus creadores: ignor√°nd‚Ä¶ https://t.co/mFTr15OoOu,1078,0,1
2020-01-12 11:44:05,1216324970990751744,@KingKongor @TwitchSupport why did you get banned?,64,0,0
2020-01-12 11:41:17,1216324264573333506,"RT @JKR03: Chilling on mm with Ninjking! Maybe some faceit later or pubg..
Like/RT/Follow please! 
https://t.co/2qbVywbVEW 
@twitchtvhost
@‚Ä¶",14501,1,0
2020-01-12 11:38:07,1216323465654960128,"Chilling on mm with Ninjking! Maybe some faceit later or pubg..
Like/RT/Follow please! 
https://t.co/2qbVywbVEW‚Ä¶ https://t.co/6XEpXJupPr",189,1,1
2020-01-12 11:32:12,1216321977394384897,@KingKongor @TwitchSupport #freekingkongor,9,0,2
2020-01-12 11:31:42,1216321853167370240,"No s√© que voy a hacer, @YouTube @TeamYouTube me ignora completamente, y cada d√≠a que pasa mis ganas de seguir se ap‚Ä¶ https://t.co/aElWnOtoHx",1078,3,6
2020-01-12 11:25:28,1216320284782989312,All I want to do is stream games like #pathofexile #WoW #Diablo and any kind of hack n slash title the universe thr‚Ä¶ https://t.co/7qz5db5j5Q,1985,1,16
2020-01-12 11:17:58,1216318397148991490,"@K4TTOo @TwitchES @TwitchSupport A m√≠ tampoco me aceptaro el m√≠o, es un F con la cara de Bangalore",370,0,1
2020-01-12 11:12:02,1216316903519653890,@TwitchSupport Is it prohibited to play this song on twitch? https://t.co/xYYAi6xN1v,1,0,0
2020-01-12 11:08:15,1216315952553496576,"@TwitchSupport it‚Äôs been 20 days since I submitted my emote and it‚Äôs still pending, could I have an update please?",254,0,1
2020-01-12 10:56:38,1216313028637089792,@advertisesp @TwitchSupport Twitch support is just God awful.,1278,0,2
2020-01-12 10:53:38,1216312272768946176,"@SoyOjoker @TwitchES @TwitchSupport No se, es ridiculo porque hay muchas personas con emotes de F y algo mas a√±adido ü§î",152,0,0
2020-01-12 10:51:55,1216311840344625157,@K4TTOo @TwitchES @TwitchSupport Por Fuck? Supongo? Jajajajajajaa pero que rid√≠culo con eso xD,745,0,1
2020-01-12 10:46:53,1216310572628828160,"@TwitchES @TwitchSupport  Alguien me dice donde esta el contenido sexual que no lo veo :( 

Where is the sexual con‚Ä¶ https://t.co/CxEXifX7tP",152,0,1
2020-01-12 10:27:09,1216305607965278208,@TwitchSupport I have been waiting 4 weeks for my emotes to get accepted. Wtf is this? https://t.co/ZS5igqtCyx,337,0,0
2020-01-12 10:16:09,1216302841381425153,@TwitchSupport Your email services look to be running many hours behind. I got my login code emails many hours late‚Ä¶ https://t.co/eVHmuROZxg,728,0,0
2020-01-12 10:13:49,1216302252950020099,"RT @Scratticus_: Let's Talk about the new @Twitch Feature Hype Trains!!

Just a teaser! Find out more at @TwitchSupport!

These are now Act‚Ä¶",500,5,0
2020-01-12 10:13:42,1216302224860753921,"RT @Scratticus_: Let's Talk about the new @Twitch Feature Hype Trains!!

Just a teaser! Find out more at @TwitchSupport!

These are now Act‚Ä¶",2615,5,0
2020-01-12 10:05:34,1216300175901315072,"@TwitchSupport 

Good morning Twitch,

I wanted to ask how long it takes to unlock emotes? Have you been waiting fo‚Ä¶ https://t.co/xjCUSoctZ2",139,0,1
2020-01-12 10:05:10,1216300077439995904,@Pestily @Twitch @TwitchSupport Oh &amp; 10k bitrate for all sounds üí™,2070,0,0
2020-01-12 10:02:56,1216299512668418049,my #Twitch verification isn‚Äôt working and i can‚Äôt login to my account to watch Late Night with Cry ‚Öã Russ !!! üò© @TwitchSupport,289,0,0
2020-01-12 09:59:18,1216298601170776064,@DefaultAdamYT @deh_cool @Balfezar @TheRosKid @Mxadz1 @EdgeLordVEVO @andymilonakis @RajjOfficial @Twitch @TwitchSupport @Sliker Nah,214,0,0
2020-01-12 09:45:54,1216295225808826368,"@ShyBearLIVE @Twitch @Twitch @TwitchSupport Psst Twitch. Remember that whole ""hold us accountable"" post? Guess what‚Ä¶ https://t.co/fzq0uJYxqI",38,0,1
2020-01-12 09:32:35,1216291874916401152,@Pestily @Twitch @TwitchSupport I can't even follow your twitch channel . I am at the follow max of 2k for twitch y‚Ä¶ https://t.co/qZzc8wFKTd,2070,0,1
2020-01-12 09:26:39,1216290384432828417,"RT @Pestily: I think tomorrow i'm going to play full sweaty, oh and the new @Twitch Hype Train feature seems like a greedy scam, please jus‚Ä¶",2070,48,0
2020-01-12 09:07:44,1216285624048603137,"@TwitchSupport I have been streaming consistently for 6 years now with no significant growth, do you have any sugge‚Ä¶ https://t.co/qmb7Yi8lZH",35,0,0
2020-01-12 09:04:30,1216284807350624256,"RT @Michael08685280: SUNDAY MORNING STREAM STARTING IN 10 MINUTES WHOS ALL SUPPORTING ME 
@Twitch 
@TwitchHost @TwitchSIE @TwitchSharing @F‚Ä¶",14167,1,0
2020-01-12 09:00:39,1216283840953704449,"SUNDAY MORNING STREAM STARTING IN 10 MINUTES WHOS ALL SUPPORTING ME 
@Twitch 
@TwitchHost @TwitchSIE @TwitchSharing‚Ä¶ https://t.co/WTKV6nzt2l",30,1,1
2020-01-12 08:36:41,1216277806902063105,@S_Vaicius @deh_cool @Balfezar @TheRosKid @Mxadz1 @EdgeLordVEVO @andymilonakis @RajjOfficial @Twitch @TwitchSupport @Sliker Ya you did,25,0,1
2020-01-12 08:36:29,1216277759045050369,"Gem√ºtlich Stardew Valley ! Auf gehts! Stream ist on !

 https://t.co/Y74ENnwy8i 
@Twitch_RT

 @Retweet_Twitch‚Ä¶ https://t.co/xGUSXSlPx1",13,0,0
2020-01-12 08:26:57,1216275357478936576,@Viperous @Twitch @TwitchSupport,149,0,0
2020-01-12 08:20:12,1216273658081095680,"RT @ZombieDoll_TV: BIG question here, cuz I'mma be fkn annoyed af if this is true. üòí

Does anyone know if I'm allowed to associate with oth‚Ä¶",1691,1,0
2020-01-12 08:20:06,1216273636287565825,"BIG question here, cuz I'mma be fkn annoyed af if this is true. üòí

Does anyone know if I'm allowed to associate wit‚Ä¶ https://t.co/k5OzE3DTtj",811,1,10
2020-01-12 07:53:33,1216266954316697607,"@LanaBeeOfficial @2016vanz @Twitch @TwitchSupport @discordapp https://t.co/rJmdxiPlNU

This just got posted. I sugg‚Ä¶ https://t.co/xeYFnbjGST",4155,1,5
2020-01-12 07:43:58,1216264540972900353,"@Twitch @TwitchSupport I have an idea here:
For our chat bots, since we can't get a complimentary perm sub, perhaps‚Ä¶ https://t.co/8w7Gbhncjr",43,0,1
2020-01-12 07:42:46,1216264238483824640,@Twitch @shroud @TwitchSupport check my post please,209,0,0
2020-01-12 07:42:41,1216264219399725056,How do you report a account that got hacked on  twitch so nothing happens @Twitch @TwitchSupport,281,0,2
2020-01-12 07:28:14,1216260581277282304,"Just hit 60 followers on twitchüî•You guys are INSANE üî•üò±üëç
@TRetweets20 @TwitchSupport @SupportStreamz",103,0,2
2020-01-12 07:22:32,1216259148418961410,RT @MYCHEMlSBACK: hey @twitch @twitchsupport look at this graph #twitchbanjonnycraig https://t.co/qQldsi5PQG,22,571,0
2020-01-12 07:15:01,1216257256498573312,RT @therealhugie: @Twitch @TwitchSupport I have someone in my chat messaging shit like this my viewers can we do something please https://t‚Ä¶,219,9,0
2020-01-12 07:12:29,1216256617462861824,"@TwitchSupport Please, my emote hasn`t been accepted yet, i`ll keep waiting until I see the emote",12,0,1
2020-01-12 07:11:05,1216256265837535232,@TwitchSupport my channel cant be clipped by me or anyone! Could someone help me ;(,115,0,1
2020-01-12 07:08:40,1216255659752161280,@TwitchSupport really wish I could stream. I want so badly to raise money for Australia. It breaks my heart.,9,0,0
2020-01-12 07:06:30,1216255112743673856,@therealhugie @Twitch @TwitchSupport https://t.co/vpwCdw5nNU,19,0,1
2020-01-12 07:03:43,1216254413766971394,@therealhugie @Twitch @TwitchSupport Do something please @Twitch @TwitchSupport,168,0,1
2020-01-12 07:03:26,1216254339188248577,RT @therealhugie: @Twitch @TwitchSupport I have someone in my chat messaging shit like this my viewers can we do something please https://t‚Ä¶,19,9,0
2020-01-12 07:03:00,1216254230643691520,RT @therealhugie: @Twitch @TwitchSupport I have someone in my chat messaging shit like this my viewers can we do something please https://t‚Ä¶,168,9,0
2020-01-12 07:02:46,1216254174373072896,@therealhugie @Twitch @TwitchSupport That is messed up. Do something @TwitchSupport https://t.co/4iSaOLTNTd,163,0,1
2020-01-12 07:02:11,1216254025856888832,RT @therealhugie: @Twitch @TwitchSupport I have someone in my chat messaging shit like this my viewers can we do something please https://t‚Ä¶,23,9,0
2020-01-12 07:00:37,1216253631948718081,RT @therealhugie: @Twitch @TwitchSupport I have someone in my chat messaging shit like this my viewers can we do something please https://t‚Ä¶,88,9,0
2020-01-12 07:00:36,1216253628589146112,RT @therealhugie: @Twitch @TwitchSupport I have someone in my chat messaging shit like this my viewers can we do something please https://t‚Ä¶,708,9,0
2020-01-12 07:00:18,1216253550537269248,@therealhugie @Twitch @TwitchSupport @Twitch @TwitchSupport please do something for once,220,0,1
2020-01-12 06:59:48,1216253427379949568,@therealhugie @Twitch @TwitchSupport Are you a female? You know nothing is gonna be done about this LOL,653,0,2
2020-01-12 06:59:33,1216253365400887297,@therealhugie @Twitch @TwitchSupport unacceptable https://t.co/lcDLJxf7qZ,216,0,0
2020-01-12 06:59:07,1216253254402658304,RT @therealhugie: @Twitch @TwitchSupport I have someone in my chat messaging shit like this my viewers can we do something please https://t‚Ä¶,653,9,0
2020-01-12 06:58:59,1216253221645225985,RT @therealhugie: @Twitch @TwitchSupport I have someone in my chat messaging shit like this my viewers can we do something please https://t‚Ä¶,296,9,0
2020-01-12 06:58:56,1216253207942434816,RT @therealhugie: @Twitch @TwitchSupport I have someone in my chat messaging shit like this my viewers can we do something please https://t‚Ä¶,216,9,0
2020-01-12 06:58:31,1216253105156710400,@Twitch @TwitchSupport I have someone in my chat messaging shit like this my viewers can we do something please https://t.co/kwnbmmCBzl,564,9,11
2020-01-12 06:58:11,1216253018125021184,@ObiJai @TwitchSupport This is hot how you get unbanned obi,219,0,1
2020-01-12 06:57:03,1216252735223410693,@ObiJai @TwitchSupport üòÇüò≠üò≠,33,0,0
2020-01-12 06:55:39,1216252382163632128,@ObiJai @TwitchSupport  Please Stop Trippin On My Mans,135,0,0
2020-01-12 06:55:36,1216252371086512128,@TwitchSupport AYO UNBAN ME CUNTS,5321,0,14
2020-01-12 06:55:01,1216252223685939200,@ObiJai @Twitch @TwitchSupport cmon unban this man immediately üò°,15,0,1
2020-01-12 06:54:51,1216252179033575424,@TwitchSupport I‚Äôve been waiting almost two weeks now and i still waiting on approval for my emotes. Any news on what‚Äôs taking so long?,47,0,0
2020-01-12 06:42:18,1216249024191160320,@BullitOCE @Cobbo_RL @TwitchSupport Not that he streams anymore anyway üôÉ,146,0,1
2020-01-12 06:40:37,1216248600180580352,so? @TwitchSupport https://t.co/qg3esou8jt,20,0,0
2020-01-12 06:40:25,1216248548380905473,"RT @FoeyFN: There is currently a fake @s1mpleO streaming at the top of csgo on twitch ""giving away free skins."" Fake chat and everything. @‚Ä¶",228,1,0
2020-01-12 06:40:18,1216248517427023872,.@TwitchSupport what should i do if i want to go about asking for front page time for a speedrunning marathon?,168,0,0
2020-01-12 06:37:46,1216247881763561474,"There is currently a fake @s1mpleO streaming at the top of csgo on twitch ""giving away free skins."" Fake chat and e‚Ä¶ https://t.co/tAxToBJ4Uy",6208,1,3
2020-01-12 06:27:11,1216245218506420224,@TwitchSupport,151,0,3
2020-01-12 06:06:28,1216240004999057409,"RT @DaBessTess: Here's the two emotes that will be available to tier 1 subscribers when @TwitchSupport  approves them. 

dabessPeek was mad‚Ä¶",182,3,0
2020-01-12 05:57:39,1216237787424415744,@TwitchSupport pls see this thread,6129,0,4
2020-01-12 05:53:58,1216236857308123138,@LanaBeeOfficial @2016vanz @Twitch @TwitchSupport @discordapp üòé,65,0,1
2020-01-12 05:53:06,1216236640038817802,@Cobbo_RL @TwitchSupport No more bits for you,93,0,2
2020-01-12 05:46:39,1216235016075673600,"@TwitchSupport Hey, I reported a twitch account and there hasn't been any punitive actions on an account I've repor‚Ä¶ https://t.co/ZDsqsGk7vW",345,0,0
2020-01-12 05:38:11,1216232887269257216,@TwitchSupport Still? Truly? Guess the jerk was right...  smh. https://t.co/s41k7xTevc,105,0,0
2020-01-12 05:23:27,1216229177537564675,@Twitch @TwitchSupport This guy is pulling people's ip and reading theyre phone number on stream and location.‚Ä¶ https://t.co/jm9w2R6H1p,211,0,0
2020-01-12 05:17:08,1216227589481811969,@LanaBeeOfficial @2016vanz @Twitch @TwitchSupport @discordapp This the kinda shit I expect from someone who cant ev‚Ä¶ https://t.co/tz2DII7Gfu,65,0,4
2020-01-12 05:15:43,1216227231837671429,@TwitchSupport are you able to help me ... I‚Äôve been a member for about three years and now I can‚Äôt get into my acc‚Ä¶ https://t.co/xgXly3AVJ6,166,0,0
2020-01-12 05:10:20,1216225877358411776,@TwitchSupport  How about a watch  clips feature for Firestick?,24,0,0
2020-01-12 05:03:27,1216224145396174849,@s1mpleO QUICK!! CHECK TWITCH; SOMEONE IS USING UR VIDEO AND STREAMING IT TO SCAM PEOPLE! THE STREAM HAS 12K VIEWER‚Ä¶ https://t.co/zYYmlWU9Qa,0,0,0
2020-01-12 05:00:18,1216223352530046981,@TwitchSupport im currently being view botted is there a way i can prevent this,285,0,0
2020-01-12 04:51:27,1216221126117990401,"@TwitchSupport I NEED HELP, PLEASE....",21,0,0
2020-01-12 04:48:59,1216220504941563905,@TwitchSupport are you ever going to reply to my appeal? Going on almost 3 weeks. Most unprofessional company ever.,21,0,0
2020-01-12 04:40:55,1216218473765974016,@twitchsupport i can't log into my account,11,0,0
2020-01-12 04:36:19,1216217319833325569,@TwitchSupport Only one mod ‚ù§ best mod ‚ù§ thank you Yonee,337,0,0
2020-01-12 04:36:13,1216217294038167552,@TwitchSupport I stream on Xbox One and my friend in party chat couldn‚Äôt be heard on stream. He has to use the Xbox‚Ä¶ https://t.co/warAF31kZC,21,0,0
2020-01-12 04:27:47,1216215171288399873,@TwitchSupport Hey I just started my Twitch Prime trial and was wondering if I get to keep the games that I got wit‚Ä¶ https://t.co/lRkJF01bGE,79,0,0
2020-01-12 04:26:12,1216214773991264258,Hey @TwitchSupport I resubmitted some of my emotes that I had already had previously approved so that I could chang‚Ä¶ https://t.co/STHPoAJR3G,42,0,1
2020-01-12 04:13:01,1216211456338743299,"@TwitchSupport Hey Twitch, if a streamer gets banned (Even for just like 1-3 days) are they allowed to be live on a‚Ä¶ https://t.co/wXbcyLgWh9",264,0,0
2020-01-12 04:11:32,1216211082697678848,"RT @DaBessTess: Here's the two emotes that will be available to tier 1 subscribers when @TwitchSupport  approves them. 

dabessPeek was mad‚Ä¶",354,3,0
2020-01-12 04:10:37,1216210851457372160,hi @TwitchSupport ive been locked out of my account for over a month now because 2FA was somehow enabled on it and‚Ä¶ https://t.co/xZNYlsUzRT,192,0,2
2020-01-12 04:03:20,1216209019074949120,"@Zoo_Asylum @StartingGrid_ @TwitchSupport It all varies. But for non partners, it‚Äôs usually 3-5 weeks",580,0,0
2020-01-12 04:03:20,1216209017887952901,"RT @DaBessTess: Here's the two emotes that will be available to tier 1 subscribers when @TwitchSupport  approves them. 

dabessPeek was mad‚Ä¶",580,3,0
2020-01-12 03:59:37,1216208081140494336,@hydrotroop91 @MadMistro @Pestily @Twitch @TwitchSupport I‚Äôd be down for all of those ideas! Hell yeah! :),219,0,1
2020-01-12 03:59:12,1216207978757607424,@LiamDZNs @ZaynSzns @TwitchSupport Zane,544,0,0
2020-01-12 03:58:34,1216207817734021120,@deh_cool @Balfezar @DefaultAdamYT @TheRosKid @Mxadz1 @EdgeLordVEVO @andymilonakis @RajjOfficial @Twitch @TwitchSupport @Sliker Nah,214,0,0
2020-01-12 03:58:11,1216207723156660230,@SocialFN @ZaynSzns @TwitchSupport Zane,182,0,0
2020-01-12 03:56:41,1216207345224769536,@hydrotroop91 @MadMistro @Pestily @Twitch @TwitchSupport Absolutely! The unsung heroes of the communities are without a doubt mods!,219,0,1
2020-01-12 03:51:34,1216206056826773504,@S_Vaicius @Balfezar @DefaultAdamYT @TheRosKid @Mxadz1 @EdgeLordVEVO @andymilonakis @RajjOfficial @Twitch‚Ä¶ https://t.co/O4aSELEJPO,7,0,0
2020-01-12 03:48:42,1216205336257998852,@TwitchSupport @Catseathedevil and @seaaphoam are always keeping my chat safe. They're always helping out. I adore the heck out of them.,293,0,1
2020-01-12 03:46:32,1216204788804644864,@TwitchSupport hi twitch support. I need to contact a human. My wifes twitch acct was hacked. We submitted a ticket &amp; have not heard back.,106,0,0
2020-01-12 03:46:20,1216204737973895168,@TwitchSupport Need help NOW its a spamming issue.,13,0,0
2020-01-12 03:45:36,1216204555500892161,@ShyBearLIVE @Twitch @Twitch @TwitchSupport,37,0,0
2020-01-12 03:43:24,1216204002007953409,@deh_cool @Balfezar @DefaultAdamYT @TheRosKid @Mxadz1 @EdgeLordVEVO @andymilonakis @RajjOfficial @Twitch @TwitchSupport @Sliker Nah,214,0,0
2020-01-12 03:42:25,1216203755097481217,@BullitOCE @TwitchSupport oh no üò≠,436,0,2
2020-01-12 03:38:35,1216202790764261382,@TwitchSupport Hey TwitchSupport is there something going on with Twitch's payment processor? I get error messages‚Ä¶ https://t.co/e9HA6VTtcK,6,0,0
2020-01-12 03:35:13,1216201940800983041,@Bummy_TV @MadMistro @Pestily @Twitch @TwitchSupport I also think having a way to make mods earn bits to give to st‚Ä¶ https://t.co/D38l9DiXaL,390,0,1
2020-01-12 03:35:10,1216201930726367232,@TwitchSupport hello I was looking for some help,102,0,0
2020-01-12 03:34:55,1216201864804364288,@TwitchSupport Any help for bot spam follows on a channel?,13,0,0
2020-01-12 03:33:38,1216201542048657410,"Here's the two emotes that will be available to tier 1 subscribers when @TwitchSupport  approves them. 

dabessPeek‚Ä¶ https://t.co/RQPmCzPiix",401,3,6
2020-01-12 03:33:34,1216201524528861185,"@Bummy_TV @MadMistro @Pestily @Twitch @TwitchSupport I think having more themes to host people on the front page, p‚Ä¶ https://t.co/Zhgd4SafZY",390,0,2
2020-01-12 03:31:06,1216200903763513344,@TwitchSupport I turn all of my VoDs into Highlights each day. I've been having problems with a VoD from about 1 mo‚Ä¶ https://t.co/2tfMP8EO3n,510,0,0
2020-01-12 03:30:13,1216200682522447878,@BoxPressRadio @Twitch @TwitchSupport I turned my stream down to 720p because so many mobile users had issues with me at 900p,1235,0,1
2020-01-12 03:25:13,1216199425820962817,@Balfezar @S_Vaicius @DefaultAdamYT @TheRosKid @Mxadz1 @EdgeLordVEVO @andymilonakis @RajjOfficial @Twitch @TwitchSupport @Sliker yes he did,7,0,0
2020-01-12 03:17:28,1216197473850535936,@S_Vaicius @deh_cool @DefaultAdamYT @TheRosKid @Mxadz1 @EdgeLordVEVO @andymilonakis @RajjOfficial @Twitch‚Ä¶ https://t.co/f7jNwJESHu,29,0,0
2020-01-12 03:16:37,1216197262285660161,@BostonMerc @Twitch @TwitchSupport You bet!,766,0,0
2020-01-12 03:14:12,1216196651729195008,@GatorTim16 @Twitch @TwitchSupport Well I appreciate that brother ü§òüèª,452,0,1
2020-01-12 03:03:25,1216193941059534850,@TwitchSupport having trouble logging in after a password reset. Any help would be appreciated.,140,0,0
2020-01-12 03:03:14,1216193893122953221,"RT @ShakerModz: We have dropped a lot of new grip styles! Check them out with Sales on right now, hurry while sales Last!

Click Here: http‚Ä¶",212,2,0
2020-01-12 02:55:55,1216192052175736832,RT @IIdankII: @TwitchSupport unban ildankll! He was only speaking the truth about @OfficialZWR! #kyrogeorge,165,4,0
2020-01-12 02:53:23,1216191414121439233,@TwitchSupport How long is it taking to approve affiliate emotes? I've heard of a few people that have been waiting weeks for approval,1188,0,1
2020-01-12 02:46:58,1216189799897485312,"RT @0weasel0: https://t.co/YmeccNfgxZ

@twitchSupport

@twitchtvhost

@SupStreamers

@SupStreamers

@StreamerNetwork

@Streamer_Social

@sh‚Ä¶",13172,3,0
2020-01-12 02:45:33,1216189443574583296,@TwitchSupport Can you guys help me out with my account?,0,0,0
2020-01-12 02:42:24,1216188651266162688,"RT @0weasel0: https://t.co/YmeccNfgxZ

@twitchSupport

@twitchtvhost

@SupStreamers

@SupStreamers

@StreamerNetwork

@Streamer_Social

@sh‚Ä¶",14501,3,0
2020-01-12 02:39:35,1216187942743552005,@stephaniie_io @Twitch @TwitchSupport The ironic thing is his donation goal of ‚Äúsend love‚Äù,3453,0,0
2020-01-12 02:39:16,1216187861667545089,"@TwitchSupport  My 24hour suspension was supposed to be lifted, could i get any updates?",29,0,0
2020-01-12 02:39:14,1216187852511334406,"https://t.co/YmeccNfgxZ

@twitchSupport

@twitchtvhost

@SupStreamers

@SupStreamers

@StreamerNetwork‚Ä¶ https://t.co/Iw2PGkD6Oq",86,3,0
2020-01-12 02:34:17,1216186607889457153,RT @IIdankII: @TwitchSupport unban ildankll! He was only speaking the truth about @OfficialZWR! #kyrogeorge,115,4,0
2020-01-12 02:33:44,1216186468294676482,@TwitchSupport unban ildankll! He was only speaking the truth about @OfficialZWR! #kyrogeorge,123,4,6
2020-01-12 02:32:46,1216186224936935424,Is @Twitch Just broken this week? The constant freezing and buffering is driving me nuts. I checked my connection a‚Ä¶ https://t.co/0nFW2xR8X1,1031,0,1
2020-01-12 02:26:05,1216184541834022913,"@ChrisBoland @TwitchSupport Funny how twitch support is there almost all day, and doesnt even seem to care, not eve‚Ä¶ https://t.co/eLziqO8r6a",203,0,0
2020-01-12 02:25:44,1216184454420582400,"RT @ShakerModz: We have dropped a lot of new grip styles! Check them out with Sales on right now, hurry while sales Last!

Click Here: http‚Ä¶",124,2,0
2020-01-12 02:24:33,1216184158726131712,"We have dropped a lot of new grip styles! Check them out with Sales on right now, hurry while sales Last!

Click He‚Ä¶ https://t.co/4M5StKSwC6",36,2,4
2020-01-12 02:18:16,1216182575590531072,@phyerx It was GGs!! Hopefully @TwitchSupport will wake up and actually approve your emotes,102,0,0
2020-01-12 02:12:39,1216181163871608832,"RT @StarLadyAsmr: Hey, someone spammed me with ~150 follower bots on your platform... just letting you know... Is there a way to remove the‚Ä¶",178,2,0
2020-01-12 02:07:34,1216179885888196609,@TwitchSupport Having some trouble uploading some emotes...could I get some assistance?,394,0,1
2020-01-12 02:06:35,1216179635823763456,"@TwitchSupport Hi, I got an email from yourselves as the email address linked with my account was changed. This def‚Ä¶ https://t.co/Dkzq6SYAbH",59,0,0
2020-01-12 02:01:12,1216178283722743808,bruh its been almost a month and my emote still hasn't gotten approved yet. Like bruh i spent money to get that mad‚Ä¶ https://t.co/NJXmLLEGlv,235,0,0
2020-01-12 02:01:04,1216178246137663490,"If this happened on @Twitch @TwitchSupport needs to do something about it

I'm pretty sure theres no way you're all‚Ä¶ https://t.co/spX2FsdNOF",1218,0,0
2020-01-12 01:59:03,1216177742259027968,"@TwitchSupport Hello, i've been over my $100 threshold as an affiliate for over 2 months now and have not been paid‚Ä¶ https://t.co/ke56AyClrh",13,0,0
2020-01-12 01:56:54,1216177197821710337,"bin live auf Twitch ‚Äì Schau mir zu unter https://t.co/kR4zWwaDXC #Ps4Pro #twitchstreamer 
@TwitchRetweetsU‚Ä¶ https://t.co/Ks8ftQeH9v",438,0,0
2020-01-12 01:54:34,1216176611361460224,@TwitchSupport whoever‚Äôs trying to hack my account tried so many times I can‚Äôt possibly recover it for the next 24 HOURS!!!!!!,608,0,1
2020-01-12 01:49:26,1216175318370869249,"RT @CypSuddenstars3: scale leader full on PC XBOX ONE game in the... djmax respect 5(V) twitch live!
but how twitch live failed and dead or‚Ä¶",14167,2,0
2020-01-12 01:44:43,1216174132175474690,@TwitchSupport Can you verify my emotes please? it's been 11 days this has been the longest I waited for emotes to get looked at thanks.,1202,0,1
2020-01-12 01:40:16,1216173013504270341,@TwitchSupport My account has been hacked... where are you?,269,0,0
2020-01-12 01:37:34,1216172333532053506,"@BostonMerc @Twitch @TwitchSupport I hear ya man, but I really dig the name BostonMerc, honestly.  Sets you apart.",766,0,1
2020-01-12 01:37:11,1216172238832955392,"RT @CypSuddenstars3: scale leader full on PC XBOX ONE game in the... djmax respect 5(V) twitch live!
but how twitch live failed and dead or‚Ä¶",2913,2,0
2020-01-12 01:37:05,1216172213788803072,"scale leader full on PC XBOX ONE game in the... djmax respect 5(V) twitch live!
but how twitch live failed and dead‚Ä¶ https://t.co/XCUrk1HxIv",2913,2,2
2020-01-12 01:34:43,1216171614930382849,@Legiitwyd @TwitchSupport Same here,7882,0,2
2020-01-12 01:34:12,1216171486303719424,@TwitchSupport Hey guys I can't use https://t.co/K4IceJjF2q and see all the clips I've made the past years. Is ther‚Ä¶ https://t.co/1sWkQ8dtCG,169,0,0
2020-01-12 01:33:53,1216171408012673025,"RT @Pestily: I think tomorrow i'm going to play full sweaty, oh and the new @Twitch Hype Train feature seems like a greedy scam, please jus‚Ä¶",185,48,0
2020-01-12 01:32:41,1216171104286466048,@TeosGame @KillerKarrott @MrJosha11 @TwitchSupport k,12,0,0
2020-01-12 01:30:31,1216170560998322182,Why are there so many of these bots purging Twitch? OF COURSE I WANT TO BE FAMOUS ! @TwitchSupport https://t.co/urVVGHqzmn,2700,0,3
2020-01-12 01:28:33,1216170063872634881,"@Feydakyn @RedQueen6540 @TwitchSupport @StarLadyAsmr Good idea Paul, thank you! You are so awesome ü•∞",409,0,3
2020-01-12 01:27:44,1216169860507500546,@Hulklover91 @RedQueen6540 @TwitchSupport @StarLadyAsmr It probably won't but one reason I am publicly tweeting abo‚Ä¶ https://t.co/CqeemNMkD9,1089,0,2
2020-01-12 01:26:23,1216169520555024389,@Feydakyn @RedQueen6540 @TwitchSupport @StarLadyAsmr üò± Oh no!! She shouldnt get banned because someone else did tha‚Ä¶ https://t.co/W3nxC2cbOj,409,0,3
2020-01-12 01:23:26,1216168775889735680,"Looking like I might have lost access to my Twitch account üò¢. You would think if I sent $500 in total, I would be a‚Ä¶ https://t.co/BpGc4vtTNw",93,0,5
2020-01-12 01:21:13,1216168217816829954,@TwitchSupport @StarLadyAsmr Just got spammed again... some silly Twitch gang I guess. Kids. üôÑ,1089,0,1
2020-01-12 01:07:36,1216164792081289217,"@TwitchSupport Hey, Twitch char on the website for me hasn‚Äôt been loading for the the past couple of days and I don‚Ä¶ https://t.co/GQ1EYrrhKe",101,0,0
2020-01-12 01:01:45,1216163322002919424,I‚Äôm live on sea of thief‚Äôs come join the stream show some love in chat üòà https://t.co/02ZqtwolyA @CC_Rts‚Ä¶ https://t.co/R4KKgu0FXg,135,0,2
2020-01-12 00:59:15,1216162692211318785,@Hulklover91 @RedQueen6540 @TwitchSupport @StarLadyAsmr It's when someone uses a bot to spam you with a ton of fake‚Ä¶ https://t.co/v5HM8PWsZu,1089,0,2
2020-01-12 00:58:02,1216162384336826368,. @TwitchSupport any word on emotes that have been pending for 3+ weeks? Am I better off just resubmitting them?,3722,0,3
2020-01-12 00:56:22,1216161966755999746,@TwitchSupport https://t.co/L8g8lCrSrp,144,0,0
2020-01-12 00:55:01,1216161626446954497,@TwitchSupport I had someone change my email and then change my password on my account. How do i fix this?,103,0,0
2020-01-12 00:54:07,1216161400667738114,@TwitchSupport,2,0,0
2020-01-12 00:53:43,1216161296845955072,@TwitchSupport  this has been going on for a month now ive banned at least 50 accounts now they are coming at me ca‚Ä¶ https://t.co/GWaQy1Nnqm,144,2,5
2020-01-12 00:52:46,1216161058810888193,@Twitch @TwitchSupport please send a staff member to @BernieSanders twitch stream. There are no mods...,254,0,0
2020-01-12 00:52:18,1216160941324361729,@foot_jimmy @pigroach @Twitch @TwitchSupport No but I‚Äôll flag it for principle,158,0,3
2020-01-12 00:51:24,1216160715783974915,"@BostonMerc @Twitch @TwitchSupport Same with ""Rent""",351,0,2
2020-01-12 00:50:17,1216160433750597632,"@RedQueen6540 @Feydakyn @TwitchSupport @StarLadyAsmr Paul, what do you mean by clapped?",409,0,3
2020-01-12 00:49:30,1216160235964051458,@Feydakyn @TwitchSupport @StarLadyAsmr This unfortunately happens way too often. Happened to me 2x so far,365,0,3
2020-01-12 00:49:13,1216160167152312321,@TwitchSupport my account got hacked and your support page won‚Äôt work can I get some assistance,799,0,0
2020-01-12 00:47:14,1216159666226520066,@TwitchSupport hi wen you get back on Monday if you have a Facebook page where I can message you privately can you‚Ä¶ https://t.co/jYq9w58zvH,2,0,0
2020-01-12 00:46:31,1216159487515643904,"@TwitchSupport Can you DM me pls i need help with authy i tred to contact you with the support of the oficial page but doesnt load, :C",52,0,0
2020-01-12 00:40:32,1216157981034696704,@TwitchSupport i cant do the change phone number thing on the support website cause i never used a phone number on‚Ä¶ https://t.co/uBN9oYhoKW,31,0,0
2020-01-12 00:33:24,1216156187718311937,@TwitchSupport @StarLadyAsmr Sorry more like 150 fake followers...,1089,0,1
2020-01-12 00:27:22,1216154669774508033,"@TwitchSupport I was wondering if sub points get removed when someone doesn't resub? For example, I had 11/15 then‚Ä¶ https://t.co/o9e4LnXjUD",290,0,0
2020-01-12 00:26:13,1216154378018656256,@Twitch @TwitchSupport how long does it take you guys to #Approve #TwtichAffiliate #Emote #Emotes ??? Its been week‚Ä¶ https://t.co/TG4LytD3Ad,35,0,0
2020-01-12 00:24:06,1216153847166644225,"RT @StarLadyAsmr: Hey, someone spammed me with ~150 follower bots on your platform... just letting you know... Is there a way to remove the‚Ä¶",74,2,0
2020-01-12 00:20:36,1216152964148146176,@TwitchSupport hey there i have a question to SFW content. Is it allowed to stream the SFW version of Nekopara onto‚Ä¶ https://t.co/1Nchsviasz,468,0,1
2020-01-12 00:18:56,1216152547456471040,@TwitchSupport i would really appreciate it if you could help,31,0,0
2020-01-12 00:18:22,1216152404535791618,@HisenseME why is there no twitch app on your smart TVs and why is there not one I can download ? @TwitchSupport,329,0,0
2020-01-12 00:13:07,1216151080846925824,"@TwitchSupport my friend @StarLadyAsmr just got clapped, presumably by someone with the Twitch username ""yuriwhoyur‚Ä¶ https://t.co/NpMfjIxsD4",1089,0,3
2020-01-12 00:10:48,1216150497738084352,@TwitchSupport Hey I‚Äôm just wondering since you guys support animal cruelty how you can call yourself a moral compa‚Ä¶ https://t.co/GjVMDSHYsi,77,0,0
2020-01-12 00:10:31,1216150425570828289,"Hey, someone spammed me with ~150 follower bots on your platform... just letting you know... Is there a way to remo‚Ä¶ https://t.co/QyunbHHHcJ",414,2,13
2020-01-12 00:05:20,1216149122723598337,@TwitchSupport @YouTubeGaming?,784,0,0
2020-01-12 00:00:04,1216147797361082368,@TwitchSupport there should be enough proof of it actually being my account. every time i logged in its the same ip‚Ä¶ https://t.co/EfHMF0BeuJ,31,0,0
2020-01-11 23:59:39,1216147693774548992,@Pestily @Twitch @TwitchSupport Kinda fan-girled you responded. You legend!,16,0,0
2020-01-11 23:57:46,1216147220661075969,"@Cyferz_ @Twitch @TwitchSupport soon, i had to see a man about a horse",22022,0,1
2020-01-11 23:57:06,1216147051618148352,@Pestily @Twitch @TwitchSupport What time does the stream start @Pestily,16,0,0
2020-01-11 23:56:05,1216146793714634754,@Tourva @Twitch @TwitchSupport I‚Äôm with you bro I really hope everything works out.,1541,0,0
2020-01-11 23:51:05,1216145536488747013,@_ItsSho @RjwattsTv @TwitchSupport @Twitch üò¨,9,0,0
2020-01-11 23:50:26,1216145375041662982,"welp was going to stream this evening but because I had to replace my phone, and need a new sms from @TwitchSupport‚Ä¶ https://t.co/NIx3miRDo5",131,0,2
2020-01-11 23:48:52,1216144978184933380,"RT @Pestily: I think tomorrow i'm going to play full sweaty, oh and the new @Twitch Hype Train feature seems like a greedy scam, please jus‚Ä¶",33,48,0
2020-01-11 23:47:54,1216144736584642560,@ConvictTheGodTV @DirtyBroku @Pestily @Twitch @TwitchSupport You can deactivate it.,1824,0,0
2020-01-11 23:47:49,1216144714727968768,"RT @Pestily: I think tomorrow i'm going to play full sweaty, oh and the new @Twitch Hype Train feature seems like a greedy scam, please jus‚Ä¶",203,48,0
2020-01-11 23:47:16,1216144576915726337,@TwitchSupport im trying to log into my twitch account and i put on 2fa a while ago and it logged me out and its sa‚Ä¶ https://t.co/0lwhBOl3IG,31,0,0
2020-01-11 23:45:54,1216144233708576768,@MadeReasonably @KillerKarrott @MrJosha11 @TwitchSupport oh my god you guys are arguing about the most pointless shit give it up already,74893,0,3
2020-01-11 23:43:48,1216143703405887488,"@TwitchSupport ich heisse auf twitch muhikun k√∂nnten sie meinen tag auf deutsch stellen,da ich es nicht machen kann",0,0,0
2020-01-11 23:43:40,1216143671399256071,"RT @Pestily: I think tomorrow i'm going to play full sweaty, oh and the new @Twitch Hype Train feature seems like a greedy scam, please jus‚Ä¶",60,48,0
2020-01-11 23:42:40,1216143418289795072,@Legiitwyd @TwitchSupport Took me 19 Id just wait,59,0,1
2020-01-11 23:24:50,1216138930870980608,@Pestily @Twitch @TwitchSupport When onlyfans https://t.co/zuTM6zMDmd,485,0,0
2020-01-11 23:20:40,1216137882223763464,I think my phone is glitching I have @Throne_YT notis in for twitch and I haven‚Äôt seen one in a while help @TwitchSupport,294,0,1
2020-01-11 23:20:06,1216137737834844160,@TwitchSupport *now,2,0,0
2020-01-11 23:19:23,1216137557416849409,@BostonMerc @Twitch @TwitchSupport You're missing a Yolo and a no scope but yeah man XD,116,0,2
2020-01-11 23:17:38,1216137119816654848,@BostonMerc @Twitch @TwitchSupport Same I cant get church I think it's even banned,1006,0,0
2020-01-11 23:16:43,1216136886751768576,@liljjbo @Twitch @TwitchSupport xXxBostonxMerc69x420xXx,452,0,4
2020-01-11 23:15:42,1216136632413364227,@BostonMerc @Twitch @TwitchSupport The good ol Xbox way.,116,0,1
2020-01-11 23:15:26,1216136566382481408,@BostonMerc @Twitch @TwitchSupport XxXBostonXxX,116,0,2
2020-01-11 23:13:12,1216136002282119169,"it really annoys me I can't get the channel name ""Boston"" because some pleb has it just so other people can't.... d‚Ä¶ https://t.co/rC0779LfNG",452,0,4
2020-01-11 23:13:03,1216135964705329152,@TwitchSupport Yall mfs gonna answer or what it shouldn't take a month to respond to people,6,0,0
2020-01-11 23:10:02,1216135207197249539,"@TwitchSupport I was suspended June 28 2019, it is know January 11 2020 and I still have not received any emails or‚Ä¶ https://t.co/o1xbkJoiU7",2,0,2
2020-01-11 23:07:38,1216134601539801088,Why can‚Äôt you give blood donos on twitch? @TwitchSupport,95,0,3
2020-01-11 23:06:56,1216134425156759552,@TwitchSupport I'm still waiting approval of my emotes pls and ty :),64,0,0
2020-01-11 23:04:54,1216133915968188419,@TwitchSupport hey there! I need favor for my channel about nickname change. Is it possible to take cooldown down for just one time?,23,0,0
2020-01-11 23:03:56,1216133669703667712,@TwitchSupport I'm locked out of my account is there a way that you could disable two step authentication I lost my‚Ä¶ https://t.co/7xU99Xu0zp,105,0,0
2020-01-11 23:02:26,1216133295131561984,@TwitchSupport I‚Äôm a mod on several different channels and I can‚Äôt access my account. Been emailing ya team for ove‚Ä¶ https://t.co/jiCdxkph1I,161,0,0
2020-01-11 22:55:21,1216131509637263360,@evilaj2010 @TwitchSupport @Twitch  i know they won‚Äôt do anything but here‚Äôs one of your streamers promoting hate speech,85,0,3
2020-01-11 22:54:16,1216131239020834821,@TwitchSupport @Twitch how long does it normally take for submitted emotes for an affiliate to be looked at? I can'‚Ä¶ https://t.co/ouHryV7D1g,22,0,0
2020-01-11 22:53:19,1216130997416230913,"RT @Pestily: I think tomorrow i'm going to play full sweaty, oh and the new @Twitch Hype Train feature seems like a greedy scam, please jus‚Ä¶",10,48,0
2020-01-11 22:52:30,1216130795133394945,"@Pestily @Twitch @TwitchSupport I think the new Twitch Hype Train is just another way to beg for subs and bits, rat‚Ä¶ https://t.co/KP6pASrLh1",203,0,1
2020-01-11 22:51:38,1216130576073158656,@TwitchSupport How do I change my payment method on Donos and get affiliated,8,0,0
2020-01-11 22:46:49,1216129365446135809,@Twitch @TwitchSupport When will an update come out that makes it possible to copy text on the mobile app? It would‚Ä¶ https://t.co/YX83rZ8M6r,0,0,0
2020-01-11 22:39:19,1216127476713304064,@TwitchSupport is it supposed to take a week for my emote to be approved?,48,0,0
2020-01-11 22:38:26,1216127252389400578,"RT @Pestily: I think tomorrow i'm going to play full sweaty, oh and the new @Twitch Hype Train feature seems like a greedy scam, please jus‚Ä¶",332,48,0
2020-01-11 22:36:18,1216126718689398786,"On the 24th day of Christmas @TwitchSupport gave to me....

Double the days of the Christmas song and still no supp‚Ä¶ https://t.co/sT55IIjcuO",230,0,0
2020-01-11 22:29:32,1216125015919382531,"@TwitchSupport hello, my emote has been pending for almost 3 weeks, any word on what the hells going on?",876,0,0
2020-01-11 22:22:36,1216123269679435777,Bruh @TwitchSupport why has my emote been pending approval for like 2 weeks now? The most anti-POG ever üò°,111,0,1
2020-01-11 22:19:40,1216122531238883328,"RT @Fnatical_tv: Starting with some @PUBG and then we go over to some EFT!

üî¥https://t.co/sIvljVORr2üî¥

@PUBG_Support @PUBG_EU @TwitchTVOnli‚Ä¶",158,5,0
2020-01-11 22:14:17,1216121175388164101,RT @BIGJOE4U: Dear @TwitchSupport ive updated my emots on the 3d on january 2020 and its still pending .ive just upload new ones . Whats wr‚Ä¶,1393,2,0
2020-01-11 22:13:44,1216121038045634560,RT @BIGJOE4U: Dear @TwitchSupport ive updated my emots on the 3d on january 2020 and its still pending .ive just upload new ones . Whats wr‚Ä¶,338,2,0
2020-01-11 22:07:51,1216119557062111235,@TwitchSupport dm me please,232,0,0
2020-01-11 22:05:47,1216119035471060992,@TeosGame @TwitchSupport Hell yea,1,0,0
2020-01-11 21:57:04,1216116843003420672,@ConvictTheGodTV @Pestily @Twitch @TwitchSupport Pretty sure you can,211,0,0
2020-01-11 21:53:42,1216115997570105344,"Hey @Twitch / @TwitchSupport! I absolutely LOVE the new HypeTrain emotes, and noticed that you said you'd be cyclin‚Ä¶ https://t.co/e3XQb79erJ",732,0,7
2020-01-11 21:51:26,1216115426146553857,"@TwitchSupport e @TwitchBR ajudem o cara pls ele s√≥ deseja trabalhar. Pelo menos conversem com ele. @victorludgero
https://t.co/i5HJaKuL7n",62,0,0
2020-01-11 21:50:48,1216115264380710912,". @TwitchSupport Sorry to nag but, its been over 12 days since I uploaded my emote for approval and its still pending... What's the word?",430,0,11
2020-01-11 21:45:27,1216113920353755137,Dear @TwitchSupport ive updated my emots on the 3d on january 2020 and its still pending .ive just upload new ones‚Ä¶ https://t.co/iEXRHpwv3X,8096,2,1
2020-01-11 21:40:05,1216112567443238913,RT @NoIllegalWars: @pigroach @Twitch @TwitchSupport harassment alert! TOS üö® alert üö®,255,1,0
2020-01-11 21:29:34,1216109924595511296,@TwitchSupport my boyfriend's been locked out his twitch account and has emailed for two days and no one has replie‚Ä¶ https://t.co/KkL3iA1F4c,181,0,1
2020-01-11 21:25:18,1216108847166840832,@twitch @TwitchSupport,9,0,0
2020-01-11 21:21:33,1216107904685744129,@MadMistro @Pestily @Twitch @TwitchSupport I‚Äôd love an affiliate spotlight or something on the main page! That‚Äôs a great idea :),219,0,5
2020-01-11 21:19:14,1216107321174175749,"@Twitch How about Advertisesp who wrecks Alliance in World of Warcraft? Oh wait,that's right.......@TwitchSupport‚Ä¶ https://t.co/aGZEzlpeXo",3,0,2
2020-01-11 21:11:12,1216105299909672960,@breezyonic @Twitch @TwitchSupport PLEASE REVERT  We lost on-screen display of useful information (now hidden behin‚Ä¶ https://t.co/vx213vzBG3,696,0,0
2020-01-11 21:10:11,1216105045965639680,"No stream tonight AGAIN because @Twitch @TwitchSupport won‚Äôt respond back to my ticket I placed over a week ago, th‚Ä¶ https://t.co/Cbza5WKgmX",30,0,0
2020-01-11 20:55:23,1216101318353395712,"@TheWrongChannel @Twitch @TwitchSupport I like the new one actually, just can‚Äôt see who hosts and auto hosts.",258,0,1
2020-01-11 20:54:52,1216101191731613696,@Bummy_TV @Pestily @Twitch @TwitchSupport Putting more smaller streamers on the front page for starters.,135,0,2
2020-01-11 20:54:20,1216101056649646080,@didiibear @TwitchSupport @Twitch I think mine took two weeks üò≠üò≠,153,0,0
